state_code,latitude,longitude,zip_code,city,name,founded_at,closed_at,first_funding_at,last_funding_at,age_first_funding_year,age_last_funding_year,age_first_milestone_year,age_last_milestone_year,relationships,funding_rounds,funding_total_usd,hourly_mean,annual_mean,total_employees,labels
CA,42.36,-71.06,92101,San Diego,Bandsintown,2007-01-01,2022-04-26,2009-04-01,2010-01-01,2.25,3,4.67,6.7,3,3,375000,27.5,57190,57190,1
CA,37.24,-121.97,95032,Los Gatos,TriCipher,2000-01-01,2022-04-26,2005-02-14,2009-12-28,5.13,10,7.01,7.01,9,4,40100000,61.65,128220,128220,1
CA,37.32,-122.05,95014,Cupertino,Solidcore Systems,2002-01-01,2022-04-26,2005-02-17,2007-04-25,3.13,5.32,6,6,5,3,40000000,48.78,101468.42,101468,1
CA,37.78,-122.42,94105,San Francisco,Inhale Digital,2010-08-01,2012-10-01,2010-08-01,2012-04-01,0,1.67,0.04,0.04,2,2,1300000,40.82,84910,84910,0
CA,37.39,-122.07,94041,Mountain View,RingCube Technologies,2005-01-01,2022-04-26,2006-09-21,2010-03-18,1.72,5.21,3,6.61,6,3,26000000,48.78,101468.42,101468,1
CA,38.06,-122.51,94901,San Rafael,ClairMail,2004-01-01,2022-04-26,2005-08-24,2010-10-04,1.65,6.76,5.61,7.36,25,3,34100000,40.18,83574.16,83574,1
MA,42.71,-73.2,1267,Williamstown,VoodooVox,2002-01-01,2022-04-26,2005-08-02,2013-02-08,3.59,11.11,8.01,9.99,13,3,9650000,32.33,67240,67240,1
CA,37.44,-122.16,94025,Menlo Park,Zong,2000-11-15,2022-04-26,2005-07-01,2010-04-26,4.63,9.45,10.13,10.65,22,3,27500000,32.57,67750,67750,1
NY,40.7,-73.99,11201,Brooklyn,drop.io,2007-11-26,2022-04-26,2007-12-03,2010-05-03,0.02,2.44,0.79,4.38,15,3,9950000,32.99,68621.82,68622,1
CO,39.75,-104.99,80202,Denver,Stratavia,2001-01-01,2022-04-26,2005-08-31,2009-12-29,4.67,9,8.84,8.84,12,5,10700000,42.79,89003.69,89004,1
VA,38.9,-77.27,22182,Vienna,Invicta Networks,1999-01-01,2010-03-28,2005-08-09,2005-08-09,6.61,6.61,,,0,1,200000,36.14,75172.5,75173,0
CA,37.59,-122.34,94010,Burlingame,MeeVee,2000-07-01,2022-04-26,2005-02-01,2007-09-01,4.59,7.17,-0.5,12.68,7,4,25000000,40.82,84910,84910,1
CA,37.45,-122.16,94301,Palo Alto,Bling Nation,2007-01-01,2011-09-10,2009-07-02,2009-10-30,2.5,2.83,3.09,3.49,13,2,28000000,61.65,128220,128220,0
TX,30.24,-97.8,78735,Austin,Metreos Corporation,2001-01-01,2022-04-26,2003-03-20,2004-10-14,2.21,3.79,4.09,9.5,8,2,4355000,41.18,85661.05,85661,1
CA,37.76,-122.4,94103,San Francisco,Pixelpipe,2008-01-01,2013-08-02,2007-01-01,2011-04-25,-1,3.32,3.7,5.66,4,2,2300000,32.57,67750,67750,0
CO,40.01,-105.28,80302,Boulder,EventVue,2007-05-01,2010-02-01,2007-08-01,2007-09-01,0.25,0.34,,,5,2,455000,36.99,76945,76945,0
IL,41.88,-87.62,60601,Chicago,BridgePort Networks,2002-01-01,2022-04-26,2006-11-03,2006-11-03,4.84,4.84,1,1,3,1,13000000,40.75,84754.73,84755,1
CA,37.43,-122.11,94303,Palo Alto,Scalent Systems,2003-01-01,2022-04-26,2007-01-22,2007-01-22,4.06,4.06,3,3,7,1,15000000,39.32,81790,81790,1
CA,37.87,-122.27,94704,Berkeley,IQ Engines,2008-06-01,2022-04-26,2012-06-25,2012-06-25,4.07,4.07,3.42,5.23,2,1,3800000,38.48,80031.11,80031,1
CA,33.71,-117.85,92705,Santa Ana,Mophie,2005-05-24,2022-04-26,2006-08-01,2006-08-01,1.19,1.19,2.19,7.78,5,1,1000000,38.38,79840,79840,1
WA,47.6,-122.33,98119,Seattle,Lockdown Networks,2001-01-01,2022-04-26,2005-02-25,2006-03-02,4.15,5.17,3,3,6,2,8600000,37.18,77337.5,77338,1
NC,36,-78.9,27701,Durham,eMinor,2006-10-01,2012-02-17,2006-08-01,2008-10-07,-0.17,2.02,,,9,2,5000000,38.93,80972.63,80973,0
CA,37.78,-122.42,94105,San Francisco,Karma,2011-01-01,2022-04-26,2011-01-01,2011-11-14,0,0.87,0.41,2.17,3,2,2304999,32.57,67750,67750,1
NY,40.74,-74,10011,New York,Entertainment Media Works,2004-07-01,2008-10-01,2007-02-26,2007-02-26,2.66,2.66,0,0,1,1,4000000,44.28,92095.55,92096,0
CA,37.79,-122.39,94111,San Francisco,Elastra,2007-01-01,2011-01-28,2007-08-15,2008-08-05,0.62,1.59,1,4.33,8,2,14600000,48.78,101468.42,101468,0
CA,37.4,-121.94,95134,San Jose,RPO,2005-01-01,2013-06-01,2006-01-24,2010-09-13,1.06,5.7,,,0,3,44000000,38.38,79840,79840,0
NY,40.76,-73.98,10010,New York,Peer39,2006-03-01,2022-04-26,2006-03-01,2012-01-24,0,5.9,3.84,7.14,18,7,29915001,57.19,118953.34,118953,1
NH,43,-71.45,3101,Manchester,Trendslide,2011-08-01,2022-04-26,2011-08-01,2012-03-01,0,0.58,0.58,0.59,9,2,125000,26.16,54410,54410,1
CA,40.02,-105.28,94025,Menlo Park,PublicEarth,2008-01-01,2011-02-15,2008-02-08,2010-05-21,0.1,2.39,2.33,2.79,7,2,4000000,22.35,46470,46470,0
CA,37.4,-122.03,94089,Sunnyvale,Efficient Frontier,2002-01-01,2022-04-26,2006-08-31,2006-08-31,4.67,4.67,8.74,10.22,25,1,6000000,49.91,103816.66,103817,1
CA,37.37,-122.04,94085,Sunnyvale,NetDevices,2003-01-01,2022-04-26,2005-08-16,2005-08-16,2.62,2.62,,,4,1,25000000,48.78,101468.42,101468,1
NY,40.73,-73.99,100011,New York,Go Try It On,2009-12-01,2022-04-26,2010-11-04,2012-11-13,0.93,2.95,0.83,2.74,2,3,3750000,44.08,91690,91690,1
MA,42.38,-71.11,2139,Cambridge,Performable,2009-10-17,2022-04-26,2010-01-15,2010-01-15,0.25,0.25,1.12,1.66,9,1,3000000,45.78,95215.79,95216,1
CA,37.78,-122.42,94607,San Francisco,Appstores.com,2010-05-24,2022-04-26,2010-08-01,2011-08-01,0.19,1.19,1.36,1.66,6,2,1155000,48.78,101468.42,101468,1
CA,37.56,-122.28,94404,San Mateo,Fortify Software,2002-10-01,2022-04-26,2005-12-15,2005-12-15,3.21,3.21,5.25,7.88,11,1,10000000,48.78,101468.42,101468,1
MA,42.36,-71.06,2210,Boston,AisleBuyer,2009-01-01,2022-04-26,2010-11-23,2011-06-13,1.89,2.45,2,3.28,4,2,11500000,32.33,67240,67240,1
MA,42.38,-71.24,2451,Waltham,Colubris Networks,2000-01-01,2022-04-26,2005-03-08,2006-10-23,5.19,6.81,7.33,7.33,9,2,29000000,38.12,79290,79290,1
CA,37.79,-122.4,94103,San Francisco,Mashery,2006-05-01,2022-04-26,2007-01-01,2012-07-23,0.67,6.23,4.05,7.6,37,6,34700000,61.65,128220,128220,1
CA,37.44,-122.16,94301,Palo Alto,Transparency Software,2004-01-01,2009-01-01,2005-03-09,2007-07-01,1.19,3.5,,,0,2,12050000,48.78,101468.42,101468,0
CA,37.45,-122.16,95128,Palo Alto,Viewdle,2006-01-01,2022-04-26,2008-03-01,2010-10-05,2.16,4.76,4,6.75,13,3,12000000,47.99,99812.73,99813,1
CA,33.58,-117.73,92656,Aliso Viejo,Enclarity,2005-02-01,2022-04-26,2009-03-10,2009-03-10,4.1,4.1,1.92,1.92,18,1,5500000,47.8,99420,99420,1
CA,37.4,-122.05,94089,Sunnyvale,Virsto Software,2007-07-01,2022-04-26,2009-06-26,2011-08-25,1.99,4.15,2.9,5.26,10,3,24000000,48.78,101468.42,101468,1
MO,39.1,-94.58,64106,Kansas City,Handmark,2000-07-01,2022-04-26,2005-09-12,2006-09-07,5.2,6.19,7.51,12.89,6,2,10000000,26,54080,54080,1
MA,42.55,-71.17,1887,Wilmington,Viacor,1999-12-01,2011-11-11,2002-09-12,2010-11-10,2.78,10.95,-1.92,-1.92,10,3,19009671,47.48,98770,98770,0
FL,27.95,-82.46,33609,Tampa,Skyway Software,2001-01-01,2012-10-01,2007-05-16,2007-05-16,6.37,6.37,,,0,1,4000000,36.92,76793.69,76794,0
MA,42.36,-71.06,2111,Boston,CardStar,2008-12-01,2022-04-26,2010-03-30,2011-09-13,1.33,2.78,1.67,3.13,5,3,2030882,45.78,95215.79,95216,1
WA,47.77,-122.18,98011,Bothell,Myrio,1999-12-01,2012-01-01,2001-01-01,2001-01-01,1.09,1.09,,,5,1,20500000,49.3,102540.55,102541,0
CO,40.73,-73.99,80302,Boulder,Intela,2006-02-02,2022-04-26,2010-01-18,2012-08-09,3.96,6.52,4.58,7.69,4,2,13250000,49.98,103960,103960,1
CA,37.79,-122.4,94104,San Francisco,Sportgenic,2005-09-01,2022-04-26,2007-01-01,2008-09-09,1.33,3.02,3.02,3.34,9,3,11489687,49.91,103816.66,103817,1
CA,37.35,-122.03,94087,Sunnyvale,Behavio,2012-06-12,2022-04-26,2012-06-01,2012-06-01,-0.03,-0.03,0.14,0.14,3,1,355000,48.78,101468.42,101468,1
CA,37.78,-122.4,94103,San Francisco,adBrite,2003-01-01,2001-02-01,2004-09-01,2012-05-01,1.67,9.34,7.38,10.47,17,4,40400000,49.91,103816.66,103817,1
TX,32.96,-96.82,75001,Dallas,Texert,2007-01-01,2008-07-14,2008-10-21,2008-10-21,1.81,1.81,,,1,1,3000000,41.18,85661.05,85661,0
CA,37.55,-121.99,94538,Fremont,Mendocino Software,2003-01-01,2008-02-07,2005-09-12,2007-01-01,2.7,4,1,1,2,2,19700000,48.78,101468.42,101468,0
CA,37.35,-121.99,95051,Santa Clara,QuikCycle,1998-01-01,2011-01-01,2007-03-01,2007-03-12,9.17,9.2,,,0,2,17800000,48.78,101468.42,101468,0
CA,37.78,-122.42,94107,San Francisco,Instagram,2010-03-01,2022-04-26,2010-03-05,2012-04-05,0.01,2.1,3.09,3.78,12,3,57500000,38.48,80031.11,80031,1
NY,40.61,-73.82,10004,New York,Motionbox,2006-01-01,2022-04-26,2006-09-01,2009-01-14,0.67,3.04,2,5.05,10,3,17200000,38.47,80030,80030,1
MA,42.38,-71.11,2138,Cambridge,AccelGolf,2008-08-01,2013-05-01,2008-01-01,2009-12-04,-0.58,1.34,0,1.55,4,7,457282,32.33,67240,67240,0
CA,37.78,-122.42,94105,San Francisco,MoPub,2010-09-09,2022-04-26,2010-09-01,2012-09-20,-0.02,2.03,2.32,3.16,11,4,18500000,32.57,67750,67750,1
NY,40.73,-74,10012,New York,Thumbplay,2004-09-01,2022-04-26,2006-10-30,2010-04-21,2.16,5.64,3.83,7.69,13,4,41500019,30.18,62775,62775,1
WV,39.39,-77.89,25430,Kearneysville,Plethora Technology,2000-01-01,2009-05-23,2005-06-09,2005-06-09,5.44,5.44,,,1,1,1000000,34.23,71209.45,71209,0
WA,47.61,-122.2,98004,Bellevue,SNAPin Software,2003-01-01,2022-04-26,2005-07-11,2006-02-07,2.53,3.1,3,9.13,5,2,22300000,49.3,102540.55,102541,1
CA,37.41,-121.98,95054,Santa Clara,Azuro,2002-01-01,2022-04-26,2006-01-01,2009-11-13,4,7.87,0.16,0.16,5,2,10000000,47.64,99100,99100,1
DC,37.09,-95.71,20007,Washington,ARPU,2005-05-01,2010-05-04,2006-07-01,2009-12-29,1.17,4.67,,,1,3,15564591,46.64,97013.34,97013,0
CA,37.78,-122.42,94110,San Francisco,Singly,2010-12-21,2022-04-26,2011-02-01,2012-04-23,0.12,1.34,1.83,2.67,24,2,8950000,47.99,99812.73,99813,1
NY,40.75,-73.98,10173,New York,TxVia,2006-01-01,2022-04-26,2007-10-01,2010-10-26,1.75,4.82,4,4.82,8,4,55350000,49.61,103186.66,103187,1
CA,37.41,-122.09,94043,Mountain View,Blue Vector Systems,2002-01-01,2010-08-31,2005-09-21,2005-09-21,3.72,3.72,,,1,1,4000000,39.32,81790,81790,0
IL,41.88,-87.64,60606,Chicago,Open Kernel Labs,2006-01-01,2022-04-26,2007-09-13,2012-07-06,1.7,6.52,3.28,4.93,3,5,10764323,40.75,84754.73,84755,1
NJ,40.54,-74.52,8873,Somerset,Elanti Systems,2007-01-01,2012-02-11,2008-05-29,2008-05-29,1.41,1.41,0,0,1,1,5500000,44.75,93073.69,93074,0
GA,34.07,-84.27,30009,Alpharetta,Visiprise,1985-01-01,2009-05-03,2005-10-17,2005-10-17,20.81,20.81,,,2,1,32000000,39.35,81845.79,81846,0
WA,39.78,-100.45,98104,Seattle,Hubspan,2000-01-01,2022-04-26,2005-10-14,2005-10-14,5.79,5.79,,,1,1,13000000,49.3,102540.55,102541,1
WA,47.61,-122.19,98004,Bellevue,iConclude,2005-01-01,2022-04-26,2005-02-01,2006-04-10,0.08,1.27,,,5,3,12500000,49.3,102540.55,102541,1
VA,39.04,-77.43,20166,Dulles,Anystream,2000-01-01,2022-04-26,2000-01-01,2007-02-07,0,7.11,6.01,10.9,9,3,59000000,45.16,93943.69,93944,1
CT,41.85,-72.7,6002,Bloomfield,Pocket Communications Northeast,2006-01-01,2012-01-01,2008-11-01,2009-02-20,2.84,3.14,3.38,3.78,0,2,125000000,30.16,62720,62720,0
CA,37.58,-122.35,94010,Burlingame,OpenFeint,2008-01-01,2022-04-26,2010-10-21,2010-10-21,2.81,2.81,3,4.65,6,1,3000000,40.82,84910,84910,1
CA,32.72,-117.16,92101,San Diego,Flud,2010-10-01,2013-08-08,2011-04-13,2012-09-01,0.53,1.92,2.25,2.98,12,3,2100000,61.65,128220,128220,0
CA,37.78,-122.42,94103,San Francisco,Chomp,2009-09-09,2022-04-26,2009-11-01,2010-03-11,0.15,0.5,0.5,3.01,10,2,2565000,32.57,67750,67750,1
CA,37.58,-122.37,94010,Burlingame,Origen Therapeutics,1997-01-01,2012-08-03,2007-10-03,2007-10-03,10.76,10.76,,,0,1,2000000,45.62,94894,94894,0
NY,40.73,-73.99,10003,New York,Qwiki,2009-10-01,2022-04-26,2010-07-10,2011-03-31,0.77,1.5,-0.59,3.75,14,3,10500000,40.36,83955.55,83956,1
MA,42.38,-71.24,2451,Waltham,Artisan Pharma,2006-01-01,2022-04-26,2006-09-06,2010-07-20,0.68,4.55,,,2,5,85381111,47.48,98770,98770,1
PA,40.44,-79.99,15213,Pittsburgh,Bueda,2009-01-04,2013-06-01,2008-01-01,2010-07-01,-1.01,1.49,0.41,1.32,3,2,125000,31.76,66040,66040,0
VA,38.96,-77.36,20191,Reston,Defywire,2003-01-01,2008-05-01,2005-04-26,2007-03-27,2.32,4.24,-0.33,-0.33,2,2,10600000,26.42,54960,54960,0
CA,37.55,-121.98,94538,Fremont,Silicon Clocks,2004-01-01,2022-04-26,2006-06-02,2009-06-08,2.42,5.44,2,2,2,3,26100000,47.64,99100,99100,1
IL,41.88,-87.62,60606,Chicago,Netgamix Inc,2010-09-24,2012-04-03,2011-10-15,2012-07-01,1.06,1.77,1.03,1.11,6,3,132885,28.02,58290,58290,0
CA,37.56,-122.3,95054,Santa Clara,Sentrigo,2006-10-01,2022-04-26,2007-05-08,2010-12-21,0.6,4.22,-0.75,4.48,9,3,9500000,48.78,101468.42,101468,1
GA,33.75,-84.39,30305,Atlanta,Firethorn,2001-01-01,2022-04-26,2006-03-01,2007-01-02,5.16,6.01,,,1,3,25131611,24.08,50090,50090,1
CA,37.4,-121.94,95134,San Jose,Wellcore,2007-01-01,2013-07-01,2010-07-12,2010-07-12,3.53,3.53,,,1,1,2000000,38.38,79840,79840,0
MA,42.36,-71.08,2142,Cambridge,Taligen Therapeutics,2004-01-01,2022-04-26,2005-08-01,2010-08-23,1.58,6.65,5.01,7.09,4,3,78750000,47.48,98770,98770,1
CA,37.55,-122.29,94403,San Mateo,Adap.tv,2006-11-01,2022-04-26,2007-02-01,2011-03-28,0.25,4.41,3.32,6.79,27,5,48500000,49.91,103816.66,103817,1
CA,37.32,-122.05,95008,Campbell,ParAccel,2007-01-01,2022-04-26,2007-12-10,2012-04-25,0.94,5.32,,,13,5,74000000,47.99,99812.73,99813,1
CA,36.94,-121.78,95019,Freedom,Appscio,2006-01-01,2011-01-01,2007-03-20,2009-01-03,1.21,3.01,,,4,2,7000000,48.78,101468.42,101468,0
NY,37.09,-95.71,10014,New York,SpiralFrog,2004-01-01,2009-03-20,2006-01-01,2007-12-01,2,3.92,3,5.22,8,3,45000000,38.47,80030,80030,0
CA,37.4,-121.99,95054,Santa Clara,Plusmo,2006-06-01,2022-04-26,2008-05-01,2008-05-01,1.92,1.92,2,2,4,1,4410000,32.57,67750,67750,1
CA,37.79,-122.4,94105,San Francisco,Involver,2007-01-01,2022-04-26,2008-09-02,2010-10-14,1.67,3.79,4.67,5.68,11,3,11040000,48.78,101468.42,101468,1
CA,37.78,-122.42,94107,San Francisco,Lionside,2009-01-01,2022-04-26,2010-11-19,2010-11-19,1.88,1.88,1.33,2.95,6,1,1600000,40.82,84910,84910,1
NY,40.74,-74,10011,New York,Game Trust,2002-01-01,2022-04-26,2005-06-01,2005-11-15,3.42,3.87,7.75,7.75,3,2,9000000,44.28,92095.55,92096,1
CA,37.55,-122.32,94403,San Mateo,Nearbuy Systems,2010-04-01,2022-04-26,2011-07-21,2012-11-23,1.3,2.65,0,3.68,4,3,3282327,47.99,99812.73,99813,1
GA,33.77,-84.39,30308,Atlanta,VT Silicon,2002-01-01,2010-09-20,2007-09-12,2008-11-19,5.7,6.89,,,2,2,8800000,48.84,101590,101590,0
CA,37.55,-121.98,94538,Fremont,HipLogic,2005-01-01,2022-04-26,2008-02-08,2009-12-02,3.1,4.92,5,8.35,10,2,11500000,32.57,67750,67750,1
CA,38.28,-122.67,94954,Petaluma,Dilithium Networks,2001-01-01,2012-10-01,2003-04-23,2010-06-03,2.31,9.42,4.5,11.42,12,7,98170000,32.57,67750,67750,0
IL,41.89,-87.62,60601,Chicago,Brickfish,2005-11-01,2022-04-26,2010-07-16,2010-07-16,4.71,4.71,2.99,6.86,17,1,940261,40.75,84754.73,84755,1
CO,39.57,-104.98,80112,Centennial,Internet Pawn,2009-01-01,2013-03-01,2010-05-05,2013-08-27,1.34,4.65,1.36,1.38,0,5,7228704,37.63,78270,78270,0
IL,41.94,-87.84,60631,Chicago,NeuroTherapeutics Pharma,2006-01-01,2013-06-01,2010-05-20,2011-12-15,4.38,5.96,5.5,5.5,5,2,55000000,37.9,78834,78834,0
CA,37.56,-122.29,94404,San Mateo,Provade,2004-01-01,2022-04-26,2006-01-23,2010-08-11,2.06,6.61,,,5,4,15180000,61.65,128220,128220,1
CA,37.4,-121.94,95134,San Jose,Infineta Systems,2008-01-01,2012-01-01,2010-05-07,2011-06-06,2.35,3.43,2.36,4,4,2,30000000,48.78,101468.42,101468,0
CA,37.76,-122.44,94114,San Francisco,Crowd Factory,2009-01-01,2022-04-26,2011-01-26,2011-01-26,2.07,2.07,2.58,4.37,6,1,6500000,49.91,103816.66,103817,1
NY,40.73,-73.99,10013,New York,Vizibility,2009-07-01,2022-04-26,2010-03-24,2013-02-06,0.73,3.61,1.59,4.1,5,5,4705910,33.07,68780,68780,1
CA,37.55,-121.99,94555,Fremont,CV Ingenuity,2008-01-01,2013-07-01,2011-10-04,2013-01-24,3.76,5.07,,,2,3,30926154,42.67,88753.02,88753,0
NY,40.73,-73.99,10013,New York,Hotlist,2008-01-01,2013-05-01,2008-05-01,2012-01-01,0.33,4,2.36,3.67,8,4,1449998,30.65,63740,63740,0
MA,42.38,-71.11,2139,Cambridge,Crashlytics,2011-02-01,2022-04-26,2011-10-13,2012-04-10,0.7,1.19,0.66,2.62,5,2,6000000,32.33,67240,67240,1
MN,45.01,-93.47,55441,Plymouth,BridgePoint Medical,2005-01-01,2022-04-26,2007-01-23,2011-03-25,2.06,6.23,,,7,3,28200000,38.16,79380.55,79381,1
CA,37.78,-122.41,94104,San Francisco,Recurve,2005-08-01,2022-04-26,2008-09-23,2010-06-17,3.15,4.88,5,5,5,2,14000000,48.78,101468.42,101468,1
CA,37.78,-122.42,94108,San Francisco,Plizy,2010-09-01,2013-06-01,2011-05-19,2012-12-13,0.71,2.28,1.95,2.28,5,2,5200000,38.48,80031.11,80031,0
MA,42.3,-71.24,2494,Needham,RatePoint,2006-09-01,2012-02-02,2007-01-29,2010-08-20,0.41,3.97,4.25,5.77,13,4,24500000,45.78,95215.79,95216,0
CA,33.64,-117.86,92660,Newport Beach,Digital Performance,2002-01-01,2012-10-01,2006-11-27,2010-02-05,4.91,8.1,,,3,3,4476171,49.91,103816.66,103817,0
CA,37.51,-122.2,94063,Redwood City,Replay Solutions,2004-01-01,2022-04-26,2006-12-05,2008-08-18,2.93,4.63,,,13,2,15200000,48.78,101468.42,101468,1
NY,40.73,-74,10012,New York,Turf Geography Club,2011-01-01,2013-02-01,2011-08-15,2012-08-02,0.62,1.59,,,2,2,890000,33.07,68780,68780,0
CA,37.78,-122.42,94108,San Francisco,skyrockit,2001-01-01,2012-04-01,2011-07-12,2011-07-12,10.53,10.53,,,0,1,2600000,32.57,67750,67750,0
CA,37.32,-121.95,95128,San Jose,Certify Data Systems,2004-01-01,2022-04-26,2008-08-25,2012-02-15,4.65,8.13,6.01,6.01,4,4,7210210,61.65,128220,128220,1
CA,37.78,-122.42,94103,San Francisco,Wheelz,2011-01-01,2022-04-26,2011-09-28,2012-02-22,0.74,1.14,0.58,0.58,15,2,15700000,31.05,64584.29,64584,1
MA,42.38,-71.24,2451,Waltham,CentrePath,2000-01-01,2022-04-26,2005-09-06,2006-04-24,5.68,6.32,5.01,5.01,4,2,15050000,45.78,95215.79,95216,1
CA,37.81,-122.42,94111,San Francisco,VoxPop Network Corporation,2006-08-01,2022-04-26,2007-05-01,2009-05-01,0.75,2.75,1.58,4.53,5,2,3500000,40.82,84910,84910,1
CA,37.44,-121.92,95035,Milpitas,OpVista,2000-01-01,2009-08-01,2006-06-22,2007-05-07,6.48,7.35,5.01,5.01,2,2,43000000,48.78,101468.42,101468,0
CA,32.9,-117.21,92121,San Diego,Veoh,2004-01-01,2022-04-26,2005-07-01,2008-06-03,1.5,4.42,4.09,9.74,15,4,69750000,40.82,84910,84910,1
MA,42.34,-71.07,2118,Boston,BzzAgent,2001-01-01,2022-04-26,2004-01-01,2006-01-01,3,5,9.62,10.39,16,2,14500000,45.25,94116.66,94117,1
CA,37.4,-122.05,94043,Mountain View,Hammerhead Systems,2002-01-01,2009-03-23,2006-01-31,2007-08-01,4.08,5.58,,,2,2,48000000,38.38,79840,79840,0
PA,40.42,-79.9,15218,Pittsburgh,ThermalTherapeuticSystems,2006-06-01,2013-03-13,2009-12-01,2011-11-09,3.5,5.44,,,3,2,3508462,37.3,77580.09,77580,0
CA,37.78,-122.4,94404,San Mateo,GuardianEdge Technologies,2002-01-01,2022-04-26,2005-06-06,2007-07-23,3.43,5.56,7.84,7.84,10,3,19500000,48.78,101468.42,101468,1
CA,34.02,-118.49,90405,Santa Monica,Gradient X,2012-01-01,2022-04-26,2012-06-20,2012-06-20,0.47,0.47,1.1,1.68,5,1,3750000,32.57,67750,67750,1
CA,37.38,-122.04,94086,Sunnyvale,VoloMedia,2005-01-01,2011-02-03,2007-04-20,2008-03-18,2.3,3.21,3.59,4.58,4,2,12000000,49.91,103816.66,103817,0
CA,26.05,-80.14,95037,Morgan Hill,OfferLounge,2008-01-01,2010-05-01,2008-01-01,2008-01-01,0,0,,,3,1,120000,39.32,81790,81790,0
CA,37.39,-122.08,94041,Mountain View,NeoEdge Networks,2002-05-02,2022-04-26,2007-06-08,2010-12-20,5.1,8.64,5.67,6.9,10,3,10000000,49.91,103816.66,103817,1
TX,30.44,-97.77,78729,Austin,SemiSouth Laboratories,2000-07-01,2013-06-01,2005-06-14,2010-10-22,4.96,10.32,,,0,4,39000000,51.57,107270,107270,0
MA,37.23,-121.97,95032,Los Gatos,Amalfi Semiconductor,2003-01-01,2022-04-26,2006-02-01,2012-04-24,3.09,9.32,0.5,9.53,5,3,64000000,47.64,99100,99100,1
CA,37.8,-122.43,94115,San Francisco,NuConomy,2006-01-01,2022-04-26,2007-04-01,2008-02-01,1.25,2.08,2.5,5.32,4,2,3300000,49.91,103816.66,103817,1
CA,37.78,-122.42,94110,San Francisco,Flowtown,2009-02-01,2022-04-26,2010-08-25,2010-08-25,1.56,1.56,1.24,1.77,6,1,750000,47.99,99812.73,99813,1
GA,33.78,-84.39,30308,Atlanta,GlobalCrypto,2006-06-01,2012-07-06,2008-11-11,2008-11-11,2.45,2.45,,,0,2,1000000,39.35,81845.79,81846,0
NY,40.73,-73.99,10154,New York,Bioenvision,1996-01-01,2009-08-13,2007-04-30,2007-04-30,11.33,11.33,,,3,1,7410000,38.68,80464,80464,0
CA,37.4,-121.94,95134,San Jose,Teranetics,2000-01-01,2022-04-26,2006-11-21,2010-05-27,6.89,10.41,,,5,3,52800000,47.64,99100,99100,1
CA,33.97,-118.43,90094,Playa Vista,WebVisible,2001-01-01,2011-10-01,2005-09-01,2010-02-11,4.67,9.12,9.75,12.8,33,3,37000000,48.78,101468.42,101468,0
NY,40.73,-73.99,10013,New York,avVenta,2005-01-01,2022-04-26,2009-01-14,2009-01-14,4.04,4.04,6,6,10,1,20000000,57.19,118953.34,118953,1
RI,51.43,-2.66,2906,Providence,DiJiPOP,2008-11-01,2022-04-26,2009-08-01,2010-12-06,0.75,2.1,1.65,2.1,6,2,2000000,33.61,69905,69905,1
DC,38.9,-77.03,20005,Washington,Layer 7 Technologies,2003-01-01,2022-04-26,2006-10-26,2009-02-02,3.82,6.09,9.01,9.77,3,2,19900000,50.13,104265.3,104265,1
CA,37.79,-122.4,94105,San Francisco,Pipewise,2010-09-01,2012-10-01,2011-02-17,2011-02-17,0.46,0.46,1.28,1.82,16,1,3500000,61.65,128220,128220,0
CA,42.35,-71.55,1752,Marlborough,Camiant,2003-01-01,2022-04-26,2005-03-29,2007-01-11,2.24,4.03,,,3,2,16100000,45.78,95215.79,95216,1
CA,37.53,-122.26,94065,Redwood City,Amobee,2005-05-01,2022-04-26,2006-11-01,2011-03-01,1.5,5.84,6.17,8.35,25,6,72000000,49.91,103816.66,103817,1
TX,33.07,-96.71,75023,Plano,Auvitek International,2004-03-01,2011-02-20,2006-05-09,2006-05-09,2.19,2.19,,,32,1,9000000,51.57,107270,107270,0
CA,37.29,-121.94,94041,Mountain View,Outright,2008-06-01,2022-04-26,2008-11-01,2009-11-18,0.42,1.47,3.13,4.14,12,2,7500000,61.65,128220,128220,1
TX,30.27,-97.75,78701,Austin,Phurnace Software,2007-01-01,2022-04-26,2007-09-11,2008-07-01,0.69,1.5,3.42,3.42,9,2,10000000,41.18,85661.05,85661,1
CA,34.14,-118.14,91105,Pasadena,FastSoft,2006-01-01,2022-04-26,2007-06-11,2012-09-04,1.44,6.68,2,2,7,4,5965000,48.78,101468.42,101468,1
CA,37.47,-121.93,94538,Fremont,GrandCentral,2006-04-01,2022-04-26,2006-01-01,2006-01-01,-0.25,-0.25,-0.41,7.45,9,1,4000000,32.57,67750,67750,1
MI,42.55,-83.21,48025,Bingham Farms,Speedshape,2003-01-01,2013-08-01,2008-02-20,2008-02-20,5.14,5.14,7.01,7.01,2,1,5000000,41.65,86630,86630,0
CA,37.32,-121.95,95128,San Jose,BlueLithium,2004-01-01,2022-04-26,2005-02-01,2005-02-01,1.09,1.09,5.1,7.39,15,1,11500000,49.91,103816.66,103817,1
PA,39.95,-75.17,10011,Philadelphia,Invite Media,2007-02-01,2022-04-26,2007-12-01,2009-12-01,0.83,2.83,1.09,3.34,17,3,5000000,31.76,66040,66040,1
CA,37.41,-122.09,94043,Mountain View,UpMo,2011-01-01,2013-07-01,2009-12-13,2011-08-17,-1.05,0.62,-1.36,1.66,11,2,3700000,61.65,128220,128220,0
CA,37.43,-121.89,95035,Milpitas,Kolorific,2003-01-01,2012-07-07,2007-01-05,2007-01-05,4.01,4.01,,,0,1,7000000,47.64,99100,99100,0
MA,42.36,-71.1,2142,Cambridge,LocaModa,2007-01-01,2022-04-26,2007-09-18,2011-03-25,0.71,4.23,2.67,3.06,8,3,7900000,45.25,94116.66,94117,1
TX,30.28,-97.75,78701,Austin,MPOWER Mobile,2005-01-01,2012-06-08,2009-10-28,2009-10-28,4.82,4.82,0.25,0.25,1,1,5000000,25.39,52820,52820,0
NY,37.48,-122.17,10016,New York,Jingle Networks,2005-09-01,2022-04-26,2005-10-01,2009-12-28,0.08,4.33,3.66,5.61,12,7,88651133,33.07,68780,68780,1
MA,37.42,-121.89,95035,Milpitas,Virident Systems,2006-01-01,2022-04-26,2007-05-01,2013-01-28,1.33,7.08,4.87,7.01,25,8,129677153,61.65,128220,128220,1
CA,34.05,-118.24,90017,Los Angeles,ItsGoinOn,2010-05-01,2011-11-01,2011-01-01,2011-01-01,0.67,0.67,0,0.76,3,1,100000,40.82,84910,84910,0
CO,39.75,-105,80202,Denver,mSnap,2005-06-01,2022-04-26,2006-06-01,2006-06-01,1,1,3.81,4.92,6,1,5000000,27.81,57840,57840,1
GA,34.06,-84.17,30097,Duluth,Biofisica,2000-01-01,2012-04-26,2006-10-31,2008-04-21,6.84,8.31,,,5,2,7300000,37.34,77658,77658,0
CA,37.41,-122.09,94043,Mountain View,Ardian,2003-01-01,2022-04-26,2005-01-01,2009-03-23,2,6.23,4,10.76,8,3,64080000,45.62,94894,94894,1
CA,37.79,-122.39,94105,San Francisco,Canopy Financial,2004-01-01,2009-08-27,2008-01-01,2009-10-01,4,5.75,5.92,6,6,4,89500000,40.18,83574.16,83574,0
CA,37.79,-122.41,94102,San Francisco,Kyte,2006-12-01,2022-04-26,2007-07-01,2012-03-01,0.58,5.25,3.09,4.17,11,4,23350000,40.82,84910,84910,1
MA,42.39,-71.26,2451,Waltham,Ounce Labs,2002-10-01,2022-04-26,2006-06-08,2008-09-16,3.69,5.96,,,7,2,13500000,45.78,95215.79,95216,1
CA,37.53,-122.25,94065,Redwood City,PacketHop,2002-01-01,2013-01-04,2005-08-08,2005-08-08,3.6,3.6,3,3,2,1,10000000,39.32,81790,81790,0
CA,37.42,-122.14,94306,Palo Alto,Immunet Corporation,2008-07-01,2022-04-26,2009-11-01,2009-11-01,1.34,1.34,1.35,1.35,3,1,2000000,48.78,101468.42,101468,1
CA,37.77,-122.41,94103,San Francisco,PopularMedia,2003-01-01,2022-04-26,2007-02-01,2008-07-28,4.09,5.58,4,4,8,2,12250000,49.91,103816.66,103817,1
CA,37.78,-122.42,94105,San Francisco,Miyowa,2003-04-14,2022-04-26,2006-09-04,2008-05-08,3.39,5.07,5.72,8.73,3,2,11725600,32.57,67750,67750,1
MA,42.5,-71.2,1803,Burlington,Intrusic,2001-01-01,2007-02-19,2005-04-25,2006-10-30,4.32,5.83,,,1,2,16000000,45.78,95215.79,95216,0
WA,47.6,-122.33,98103,Seattle,Dashwire,2006-08-11,2022-04-26,2009-01-31,2010-12-28,2.48,4.38,3.39,4.99,10,3,5056559,32.03,66610,66610,1
CA,37.78,-122.42,94108,San Francisco,Pure Digital Technologies,2001-09-01,2022-04-26,2004-01-01,2008-08-18,2.33,6.97,4,8.3,11,3,68200000,38.38,79840,79840,1
CA,37.79,-122.28,94501,Alameda,Voxify,2001-01-01,2022-04-26,2005-02-01,2010-04-21,4.09,9.31,6,6,5,3,33000000,61.65,128220,128220,1
NC,35.99,-78.9,27701,Durham,EvoApp,2009-01-01,2013-01-01,2010-10-15,2012-04-20,1.79,3.3,2.08,2.33,8,3,3352194,41.48,86284.55,86285,0
NY,40.75,-73.99,10001,New York,Visual Revenue,2010-03-01,2022-04-26,2011-07-28,2012-01-26,1.41,1.91,-0.16,1.84,5,2,2212000,50.04,104090.91,104091,1
CA,37.48,-122.23,94063,Redwood City,Calibra Medical,2004-01-01,2022-04-26,2009-11-24,2011-04-15,5.9,7.29,,,1,4,19800000,45.62,94894,94894,1
MA,42.3,-71.21,2494,Needham,HiWired,2004-01-01,2022-04-26,2008-01-01,2008-01-02,4,4.01,4,4,2,2,14000000,45.78,95215.79,95216,1
FL,26.11,-80.42,33327,Weston,DateMyFamily.com,2011-11-11,2013-01-01,2011-12-01,2011-12-01,0.05,0.05,0.07,0.4,4,1,100000,21.87,45490,45490,0
CA,37.4,-122.14,94304,Palo Alto,Hyperic,2004-01-01,2022-04-26,2006-05-10,2007-06-05,2.36,3.43,3,5.34,4,2,9900000,48.78,101468.42,101468,1
CA,37.78,-122.42,94104,San Francisco,Optimal,2008-01-01,2022-04-26,2008-01-01,2013-01-22,0,5.06,5.01,5.79,10,3,7600000,49.91,103816.66,103817,1
CA,34.43,-119.72,93101,Santa Barbara,SendMeHome.com,2008-07-01,2012-06-04,2008-07-01,2008-07-01,0,0,0.74,0.74,2,1,50000,40.82,84910,84910,0
CA,37.45,-122.16,94301,Palo Alto,Q-magic,2007-02-01,2011-11-29,2007-01-01,2007-01-01,-0.08,-0.08,,,3,1,650000,39.32,81790,81790,0
CA,34.01,-118.49,90034,Los Angeles,Geodelic Systems,2008-01-01,2011-01-01,2008-12-01,2010-09-23,0.92,2.73,2.42,2.73,8,3,10500000,32.57,67750,67750,0
CA,37.39,-121.97,95054,Santa Clara,Attune Systems,1999-01-01,2009-02-12,2006-06-27,2006-11-14,7.49,7.87,7.01,7.01,6,2,18000000,38.38,79840,79840,0
CA,37.39,-122.09,94040,Mountain View,Avega Systems,2005-01-01,2012-01-01,2007-04-01,2010-01-13,2.25,5.04,,,2,2,9500000,38.38,79840,79840,0
MD,39.23,-76.82,21045,Columbia,Heartscape,2000-01-01,2009-10-15,2007-04-24,2007-04-24,7.32,7.32,5.01,5.01,6,1,16980999,43.05,89546,89546,1
CA,37.42,-122.09,94043,Mountain View,PeerMe,2004-01-01,2009-02-03,2005-01-01,2005-01-01,1,1,1.16,3.57,2,1,5000000,40.82,84910,84910,0
WA,47.66,-117.42,99202,SPOKANE,Pacinian,2007-04-01,2012-01-01,2008-12-01,2008-12-01,1.67,1.67,,,3,1,350000,38.41,79883.34,79883,0
WA,39.78,-100.45,98104,Seattle,Kiha Software,2008-01-01,2011-08-01,2010-10-28,2010-10-28,2.82,2.82,0,2.82,1,1,20000000,49.3,102540.55,102541,0
MA,42.37,-71.12,2138,Cambridge,Vlingo,2006-06-01,2022-04-26,2006-12-01,2009-09-16,0.5,3.3,2.07,7,18,3,26500000,32.33,67240,67240,1
MD,39.41,-77.41,21703,Frederick,Cerona Networks,2002-01-01,2012-01-18,2006-04-21,2006-04-21,4.3,4.3,,,0,1,2600000,36.11,75112.5,75113,0
TX,30.28,-97.75,78701,Austin,Hurricane Party,2010-05-01,2012-07-01,2010-05-01,2010-05-01,0,0,0.27,0.86,5,1,20000,25.39,52820,52820,0
NY,40.73,-74,10012,New York,Blip,2005-05-01,2022-04-26,2006-03-01,2012-07-30,0.83,7.25,8.01,8.4,23,7,27300000,38.47,80030,80030,1
CA,32.9,-117.2,92121,San Diego,Avaak,2004-01-01,2022-04-26,2008-10-03,2010-03-22,4.76,6.22,3.67,6.22,2,2,17000000,32.57,67750,67750,1
ME,43.64,-70.92,4095,West Newfield,Newfield Design,2008-01-01,2013-06-01,2012-05-14,2012-05-14,4.37,4.37,,,0,1,662000,19.86,41303.33,41303,0
NY,40.74,-74,10011,New York,Savored,2010-01-01,2022-04-26,2010-01-01,2011-01-10,0,1.02,2.01,2.73,12,2,3750000,19.69,40949.23,40949,1
NY,40.75,-73.95,11101,Long Island City,Songza,2007-11-01,2022-04-26,2011-09-19,2013-09-10,3.88,5.86,2.84,6.11,9,2,6700000,30.18,62775,62775,1
CA,37.54,-122.33,94065,Redwood City,Bigfoot Networks,2006-01-01,2022-04-26,2006-03-06,2009-11-17,0.18,3.88,2,4.47,12,3,20750000,38.38,79840,79840,1
CA,37.79,-122.4,94105,San Francisco,Kongregate,2006-01-01,2022-04-26,2007-03-01,2013-07-02,1.16,7.5,,,5,4,19000000,40.82,84910,84910,1
CA,37.79,-122.4,94104,San Francisco,Kiptronic,2005-05-01,2022-04-26,2005-11-01,2008-06-05,0.5,3.1,2.24,3.76,10,3,7300000,49.91,103816.66,103817,1
WA,47.58,-122.14,98007,Bellevue,Likewise Software,2004-11-01,2022-04-26,2009-04-30,2009-04-30,4.5,4.5,,,4,1,10000000,49.3,102540.55,102541,1
CA,37.45,-122.19,94025,Menlo Park,Jaxtr,2005-10-01,2022-04-26,2007-07-01,2008-06-23,1.75,2.73,1.75,6.15,16,3,21500000,32.57,67750,67750,1
CA,33.02,-117.08,90275,Solana Beach,Metaplace,2006-07-01,2022-04-26,2007-01-01,2010-03-15,0.5,3.71,2.99,4.02,5,3,9400000,40.82,84910,84910,1
CA,37.78,-122.39,94105,San Francisco,Jambool,2006-08-01,2022-04-26,2008-08-01,2009-08-17,2,3.05,3.58,5.48,9,2,6000000,40.18,83574.16,83574,1
GA,33.79,-84.39,30309,NW Atlanta,Zipcar,2000-10-31,2022-04-26,2002-12-20,2010-12-15,2.14,10.13,10.42,12.19,35,4,60704370,27.71,57638.57,57639,1
CA,37.78,-122.39,94107,San Francisco,Hitpost,2009-04-01,2022-04-26,2010-01-01,2012-04-26,0.75,3.07,3.92,4.5,16,3,2000000,14.83,30840,30840,1
CA,37.78,-122.39,94107,San Francisco,Home-Account,2008-11-01,2022-04-26,2009-04-16,2009-07-16,0.45,0.7,0.58,1.74,5,2,1000000,40.18,83574.16,83574,1
PA,40.01,-75.24,19004,Bala Cynwyd,PayParade Pictures,2007-10-17,2012-01-27,2008-12-01,2009-03-13,1.13,1.41,0.79,1.4,3,2,200000,25.77,53600,53600,0
CA,37.79,-122.4,94108,San Francisco,kwiry,2006-01-01,2009-04-23,2008-03-20,2008-03-20,2.22,2.22,0.75,3.42,5,1,1000000,32.57,67750,67750,0
CA,37.78,-122.39,94107,San Francisco,imeem,2003-11-01,2022-04-26,2004-09-01,2009-08-01,0.84,5.75,4.98,7.03,13,5,24750000,27.5,57190,57190,1
IL,42.06,-87.69,60201,Evanston,Amadesa,2005-05-15,2013-07-01,2007-12-03,2011-10-05,2.55,6.39,6.64,6.64,15,2,12800000,40.75,84754.73,84755,0
CA,37.43,-122.1,94043,Mountain View,Cast Iron Systems,2001-01-01,2022-04-26,2005-03-28,2007-07-29,4.24,6.58,7,7,10,2,30500000,61.65,128220,128220,1
CA,33.13,-117.25,92010,Carlsbad,Aptera,2003-01-01,2011-12-01,2008-07-25,2011-07-13,5.57,8.53,5.61,7.84,3,3,36300000,31.05,64584.29,64584,0
CA,37.78,-122.42,94111,San Francisco,RentJuice,2008-01-01,2022-04-26,2010-03-04,2011-01-31,2.17,3.08,3.09,4.78,7,3,6693782,40.15,83515,83515,1
CA,32.9,-117.19,92121,San Diego,Verari Systems,1996-01-01,2010-01-01,2007-06-05,2007-06-05,11.43,11.43,,,1,1,20000000,38.38,79840,79840,0
CA,37.8,-122.4,94017,San Francisco,Vizu Corporation,2005-02-14,2022-04-26,2006-02-20,2012-04-09,1.02,7.15,5.7,8.18,10,4,13075000,49.91,103816.66,103817,1
CA,37.39,-122.08,94041,Mountain View,Zing Systems,2007-06-01,2022-04-26,2006-12-01,2007-01-01,-0.5,-0.41,-0.5,5.77,10,2,26000000,40.82,84910,84910,1
CA,32.96,-117.19,92130,San Diego,Elevation Pharmaceuticals,2007-01-01,2022-04-26,2010-01-21,2012-01-04,3.06,5.01,,,2,4,89400001,45.62,94894,94894,1
CA,37.42,-122.1,94303,Palo Alto,Punch Entertainment,2005-05-10,2012-04-16,2006-02-27,2006-02-27,0.8,0.8,5.32,5.32,4,1,1200000,48.78,101468.42,101468,0
CA,37.78,-122.42,94108,San Francisco,Ecast,1999-01-01,2012-02-12,2008-05-07,2011-05-26,9.35,12.41,7.01,11.38,9,3,30300000,40.82,84910,84910,0
TX,32.95,-96.71,75081,Richardson,Sirific Wireless,2000-01-01,2022-04-26,2007-02-12,2007-02-12,7.12,7.12,,,3,1,18800000,51.57,107270,107270,1
VA,38.97,-77.39,20170,Herndon,ZoomSafer,2009-01-01,2022-04-26,2009-03-01,2011-03-07,0.16,2.18,1.51,2.18,3,4,3350000,26.42,54960,54960,1
NJ,40.94,-74.08,7652,Paramus,AkaRx,2005-01-01,2022-04-26,2010-01-07,2010-01-07,5.02,5.02,,,1,1,26100000,45.25,94110,94110,1
CA,37.43,-122.14,94306,Palo Alto,Buysight,2008-01-01,2022-04-26,2008-11-04,2012-03-21,0.84,4.22,0.76,4.93,18,3,24030000,49.91,103816.66,103817,1
CA,37.76,-122.4,94110,San Francisco,TripIt,2006-10-01,2022-04-26,2007-04-01,2010-03-04,0.5,3.42,1.99,5.96,14,3,13100000,22.35,46470,46470,1
NY,40.76,-73.99,10010,New York,Pinch Media,2008-04-01,2022-04-26,2008-05-01,2010-01-06,0.08,1.77,0.3,5.01,6,3,560001,44.28,92095.55,92096,1
MA,42.37,-71.08,2210,Boston,Jumptap,2005-01-01,2022-04-26,2005-03-01,2012-07-02,0.16,7.5,7.05,8.62,45,7,121500000,32.33,67240,67240,1
CA,37.41,-121.94,95134,San Jose,WiChorus,2005-01-01,2022-04-26,2005-12-22,2008-11-04,0.97,3.84,2,2,18,4,42500000,32.57,67750,67750,1
NC,36,-78.9,27713,Durham,Hatteras Networks,2000-01-01,2022-04-26,2005-06-08,2006-06-01,5.44,6.42,6.01,6.01,26,2,36000000,38.93,80972.63,80973,1
CA,37.79,-122.4,94111,San Francisco,Focus,2005-08-01,2012-09-15,2008-03-06,2008-03-06,2.6,2.6,2.92,5.48,7,1,12170000,61.65,128220,128220,0
NY,40.73,-73.99,10005,New York,easy2comply (Dynasec),2002-01-01,2022-04-26,2007-10-02,2007-10-02,5.75,5.75,8.01,9.84,4,1,1000000,44.28,92095.55,92096,1
CA,38.89,-77,94107,San Francisco,Socialize,2008-07-01,2022-04-26,2011-11-01,2012-06-07,3.34,3.94,-2.5,4.72,5,3,1820000,32.57,67750,67750,1
WA,30.63,-86.98,98033,Kirkland,Clearwire,2003-10-01,2022-04-26,2008-05-06,2013-02-27,4.6,9.42,5.26,9.78,19,4,5700000000,32.03,66610,66610,1
NY,40.75,-73.99,10001,New York,Exclusively.in,2010-01-01,2022-04-26,2010-11-03,2011-05-29,0.84,1.41,1.64,1.64,4,2,18800000,44.08,91690,91690,1
CA,37.41,-122.09,94043,Mountain View,Avidia,2003-01-01,2022-04-26,2005-05-06,2006-05-09,2.35,3.35,,,3,2,72300000,49.91,103816.66,103817,1
MA,42.48,-71.15,1801,Woburn,Octavian,2003-01-01,2011-02-01,2005-06-01,2007-10-10,2.42,4.78,4,4,2,2,15000000,45.78,95215.79,95216,0
MA,42.5,-71.2,1803,Burlington,Airwide Solutions,2004-01-01,2022-04-26,2006-01-25,2006-01-25,2.07,2.07,-1.92,-1.92,3,1,25000000,45.78,95215.79,95216,1
NY,40.73,-73.99,10013,New York City,Pixable,2009-03-12,2022-04-26,2010-11-10,2011-04-22,1.67,2.11,2.3,3.55,23,2,6100000,30.65,63740,63740,1
CA,37.86,-122.49,94939,Larkspur,mFoundry,2004-01-01,2022-04-26,2006-03-21,2011-12-05,2.22,7.93,1.67,9.09,7,3,40300000,32.57,67750,67750,1
WA,47.64,-122.19,98104,Seattle,Livemocha,2007-09-01,2022-04-26,2008-01-01,2013-02-25,0.33,5.49,2.75,5.59,14,5,19389998,31.74,66013.34,66013,1
CA,37.63,-122.41,94066,San Bruno,IronPort Systems,2000-01-01,2022-04-26,2002-06-25,2004-10-25,2.48,4.82,5.59,11.95,21,2,61500000,38.38,79840,79840,1
CA,37.78,-122.42,94108,San Francisco,Crowdcast,2007-01-01,2022-04-26,2010-06-10,2010-06-10,3.44,3.44,4,5.72,6,1,6000000,48.78,101468.42,101468,1
MA,42.36,-71.06,2114,Boston,Where,2004-01-01,2022-04-26,2003-12-31,2009-01-01,0,5.01,4.95,7.37,23,4,19100000,32.33,67240,67240,1
NY,40.76,-73.99,10003,New York,Pictela,2008-10-17,2022-04-26,2009-01-06,2010-11-06,0.22,2.05,0.04,3.92,8,4,3499997,57.19,118953.34,118953,1
CA,33.69,-117.83,92618,Irvine,Axiom Microdevices,2002-01-01,2022-04-26,2007-02-08,2007-02-08,5.11,5.11,,,3,1,25000000,47.64,99100,99100,1
CA,34.02,-118.49,90404,Santa Monica,ShoeDazzle,2009-03-01,2022-04-26,2009-11-19,2012-10-03,0.72,3.59,2.84,4.02,17,4,66000000,46.76,97270,97270,1
NY,40.75,-73.98,10016,New York,LiftDNA,2009-09-01,2022-04-26,2011-02-01,2011-02-11,1.42,1.45,1.66,1.66,5,2,1000000,57.19,118953.34,118953,1
CA,37.42,-122.14,94306,Palo Alto,Onavo,2010-01-01,2022-04-26,2011-05-01,2012-01-24,1.33,2.06,3.25,3.78,11,2,13000000,32.57,67750,67750,1
MA,42.38,-71.24,2451,Waltham,Pyxis Mobile,1998-01-01,2012-08-01,2005-09-09,2012-01-10,7.69,14.03,12.5,14.03,3,3,24150000,45.78,95215.79,95216,0
CA,37.35,-121.99,95051,Santa Clara,Link_A_Media Devices,2004-01-01,2013-01-01,2009-11-02,2012-03-20,5.84,8.22,,,4,3,47218498,47.64,99100,99100,0
NV,35.97,-115.11,89052,Henderson,Trooval,2008-09-01,2011-02-01,2010-04-07,2010-11-05,1.6,2.18,0.08,0.08,2,2,2387481,38,79048.18,79048,0
MA,42.35,-71.08,2116,Boston,Compete,2000-01-01,2022-04-26,2000-11-01,2007-08-01,0.84,7.59,11.59,13.59,35,4,33000000,54.48,113320,113320,1
VA,38.87,-77.37,22102,McLean,Rollstream,2005-01-01,2022-04-26,2007-09-03,2008-11-18,2.67,3.88,4,7.32,4,2,7500000,45.16,93943.69,93944,1
CA,37.4,-121.94,95134,San Jose,NeoGuide Systems,2000-01-01,2022-04-26,2006-09-29,2006-09-29,6.75,6.75,4,4,3,1,25000000,45.62,94894,94894,1
CA,37.39,-121.97,95054,Santa Clara,Accept Software,2002-01-01,2022-04-26,2005-09-16,2010-12-14,3.71,8.96,4,4,7,4,25305000,48.78,101468.42,101468,1
CA,37.38,-121.98,95054,Santa Clara,Mimosa Systems,2003-08-29,2022-04-26,2005-12-05,2010-01-12,2.27,6.38,,,8,6,53816776,48.78,101468.42,101468,1
CA,37.39,-122.07,94041,Mountain View,Cloudmeter,2007-04-01,2022-04-26,2012-04-27,2012-04-27,5.08,5.08,4.76,6.05,7,1,5000000,61.65,128220,128220,1
CA,34.02,-118.45,90405,Santa Monica,TeleFlip,2004-01-01,2008-01-01,2006-08-01,2008-01-01,2.58,4,2.03,4.62,5,2,4900000,32.57,67750,67750,0
WA,47.61,-122.19,98004,Bellevue,MessageGate,2001-01-01,2012-07-16,2005-04-18,2005-04-18,4.3,4.3,5,5,3,1,5000000,49.3,102540.55,102541,0
NY,40.83,-73.47,11797,Woodbury,Cloverleaf Communications,2001-01-01,2022-04-26,2005-06-28,2005-06-28,4.49,4.49,,,2,1,11000000,40.49,84215,84215,1
CA,37.38,-121.96,95054,Santa Clara,SkyPilot Networks,2000-01-01,2022-04-26,2001-01-01,2008-04-01,1,8.25,,,6,4,68400000,32.57,67750,67750,1
CA,37.78,-122.42,94103,San Francisco,Zencoder,2007-01-01,2022-04-26,2010-02-01,2011-04-12,3.09,4.28,3.64,4.67,7,2,2000000,48.78,101468.42,101468,1
MA,42.54,-71.51,1460,Littleton,Akorri Networks,2005-01-01,2022-04-26,2005-05-05,2010-03-23,0.34,5.22,3,6.03,5,4,48730000,45.78,95215.79,95216,1
TX,30.27,-97.74,78701,Austin,BlackLocus,2010-01-01,2022-04-26,2011-07-01,2011-07-01,1.5,1.5,2.08,2.08,5,1,2500000,40.72,84692.73,84693,1
CA,37.78,-122.39,94107,San Francisco,CastTV,2006-01-01,2022-04-26,2006-01-01,2007-04-01,0,1.25,1,5.44,4,2,3100000,40.82,84910,84910,1
NY,40.75,-73.99,10001,New York,Venmo,2009-04-04,2022-04-26,2010-05-07,2011-08-01,1.09,2.33,2.83,4.69,8,2,1200000,33.07,68780,68780,1
NY,40.75,-73.97,10017,New York,WeShow,2007-06-01,2008-12-02,2007-06-01,2007-06-01,0,0,0.11,0.11,2,1,5000000,38.47,80030,80030,0
CA,32.89,-117.17,92121,San Diego,Tapioca Mobile,2008-01-01,2012-07-09,2007-09-01,2008-03-25,-0.33,0.23,,,5,2,5000000,32.57,67750,67750,0
NY,40.73,-74,10012,New York,BestVendor,2011-01-01,2022-04-26,2011-03-18,2012-02-01,0.21,1.08,0.16,2.65,3,4,4200000,44.28,92095.55,92096,1
CO,39.94,-105.06,80021,Broomfield,ColdSpark,2001-01-01,2022-04-26,2006-01-01,2006-01-01,5,5,5.5,5.5,3,1,6500000,42.79,89003.69,89004,1
CA,37.39,-122.09,94040,Mountain View,Wander (f. YongoPal),2010-01-01,2013-07-01,2010-04-01,2011-01-01,0.25,1,1.16,1.16,3,5,185000,32.57,67750,67750,0
OR,45.52,-122.67,97214,Portland,CrowdCompass,2009-04-01,2022-04-26,2011-12-11,2011-12-11,2.7,2.7,3.22,4,5,1,1300000,28.63,59550,59550,1
NY,40.75,-73.98,10011,New York,Right Media,2003-01-01,2022-04-26,2006-10-17,2006-10-17,3.79,3.79,,,21,1,45000000,57.19,118953.34,118953,1
CO,39.62,-104.88,80111,Greenwood Village,TrenStar,2001-01-01,2022-04-26,2007-04-06,2007-04-06,6.26,6.26,1,1,2,1,10000000,42.79,89003.69,89004,1
WA,47.6,-122.33,98109,Seattle,World Blender,2010-01-01,2011-02-01,2010-11-01,2010-11-01,0.83,0.83,0.67,0.67,3,1,12000,30.24,62890,62890,0
MD,38.99,-76.94,20742,College Park,Zymetis,2006-01-01,2012-12-07,2010-01-11,2010-01-31,4.03,4.08,,,3,2,2257464,43.05,89546,89546,0
CA,34.05,-118.24,90015,Los Angeles,HauteLook,2007-12-01,2022-04-26,2009-05-12,2010-06-03,1.45,2.51,2.5,3.64,15,2,41000000,46.76,97270,97270,1
TX,32.97,-96.82,75001,Addison,Semantra,2003-01-01,2010-04-25,2006-09-01,2008-07-22,3.67,5.56,,,0,3,9100000,41.18,85661.05,85661,0
CA,38.22,-122.26,94558,Napa,Inertia Beverage Group,2004-10-22,2013-01-16,2007-04-02,2012-01-01,2.44,7.2,-2.06,6.88,6,3,25500100,48.78,101468.42,101468,0
MA,42.45,-71.22,2421,Lexington,StreamBase Systems,2003-01-01,2022-04-26,2005-01-24,2012-05-18,2.07,9.38,7.01,7.01,13,5,39000000,45.78,95215.79,95216,1
CA,39.78,-100.45,94043,Mountain View,MAP Pharmaceuticals,2003-01-01,2022-04-26,2007-03-28,2007-03-28,4.24,4.24,,,1,1,50000000,45.62,94894,94894,1
MA,42.38,-71.27,2451,Waltham,Navic Networks,2000-01-03,2022-04-26,2000-02-14,2001-02-26,0.12,1.15,,,7,3,42000000,45.25,94116.66,94117,1
CA,33.69,-117.83,92618,Irvine,Integrien,2001-01-01,2022-04-26,2005-05-16,2010-05-11,4.37,9.36,4,9.36,5,3,24510540,61.65,128220,128220,1
CA,37.44,-122.16,94301,Palo Alto,Generic Media,2000-01-01,2011-01-28,2005-08-26,2005-08-26,5.65,5.65,,,0,1,2500000,48.78,101468.42,101468,0
FL,28.04,-82.51,33618,Tampa,Persystent Technologies,2002-01-01,2022-04-26,2005-08-08,2009-12-03,3.6,7.93,8.59,9.11,1,3,21460663,36.92,76793.69,76794,1
NY,40.73,-73.99,10013,New York,WireImage,2001-01-01,2022-04-26,2006-05-08,2006-05-08,5.35,5.35,,,6,1,15000000,38.47,80030,80030,1
CA,37.78,-122.42,94110,San Francisco,Hello Chair,2006-01-01,2013-07-01,2007-06-01,2010-04-12,1.41,4.28,1.33,5.18,5,2,889999,32.57,67750,67750,0
CA,37.57,-122.28,94404,Foster City,Encentuate,2001-01-01,2022-04-26,2005-03-22,2005-03-22,4.22,4.22,3,3,6,1,16000000,48.78,101468.42,101468,1
NY,40.73,-73.99,10004,New York,Triples Media,2010-06-01,2013-07-01,2011-03-01,2011-03-01,0.75,0.75,,,3,2,100000,57.19,118953.34,118953,0
NY,40.74,-74,10011,New York,RightsFlow,2007-10-01,2022-04-26,2009-08-26,2009-08-26,1.9,1.9,1.9,4,13,1,1500000,30.18,62775,62775,1
CA,37.48,-122.23,94063,Redwood City,Zenprise,2003-01-01,2022-04-26,2005-06-06,2012-01-01,2.43,9.01,8.58,10.01,10,6,64630000,32.57,67750,67750,1
CA,37.78,-122.42,94111,San Francisco,Vontu,2001-01-01,2022-04-26,2005-03-21,2006-08-11,4.22,5.61,5,5,9,2,20000000,48.78,101468.42,101468,1
TX,30.41,-97.75,78759,Austin,NextIO,2003-01-01,2013-07-01,2005-01-11,2012-05-17,2.03,9.38,9.01,9.01,10,4,49600000,31.54,65606.66,65607,0
CA,34.15,-118.65,91302,Calabasas,Emergent Game Technologies,2000-01-01,2022-04-26,2007-07-05,2009-12-10,7.51,9.95,0.42,0.42,3,5,51450000,40.82,84910,84910,1
NY,40.75,-73.99,10001,New York,Sonar.me,2010-01-01,2013-07-17,2012-01-01,2012-01-01,2,2,1.03,3.16,8,1,200000,33.07,68780,68780,0
OH,39.1,-84.5,45202,Cincinnati,StyleZen,2011-09-01,2013-04-01,2011-09-01,2011-09-01,0,0,0,0,2,1,20000,30.67,63800,63800,0
MA,42.49,-71.13,1864,North Reading,Kiva Systems,2003-01-01,2022-04-26,2003-01-01,2006-05-24,0,3.39,6.98,9.22,13,2,11600000,37.2,77373.34,77373,1
OH,39.1,-84.5,45202,Cincinnati,Transactiv,2009-07-01,2013-07-19,2009-10-13,2009-10-13,0.28,0.28,0,0.28,2,1,1200000,43.73,90970,90970,0
CA,37.79,-122.4,94104,San Francisco,Peanut Labs,2005-01-01,2022-04-26,2006-02-01,2008-02-19,1.08,3.13,5.92,7.93,16,2,4200000,61.65,128220,128220,1
TX,33,-96.68,75082,Richardson,AppTrigger,2002-01-01,2022-04-26,2007-12-13,2007-12-13,5.95,5.95,,,1,1,21500000,33.52,69717.5,69718,1
CA,34.05,-118.24,90064,Los Angeles,NextMedium,2004-01-01,2011-12-24,2005-02-01,2006-07-24,1.09,2.56,4,4,7,2,9500000,48.78,101468.42,101468,0
NJ,40.35,-74.06,7701,Red Bank,Kurani Interactive,2000-01-01,2013-06-01,2010-11-25,2010-11-25,10.91,10.91,9.25,9.25,5,1,275000,44.75,93073.69,93074,0
CA,37.43,-122.14,94306,Palo Alto,Kapow Software,2005-01-01,2022-04-26,2005-02-01,2010-01-13,0.08,5.04,1.83,1.83,10,3,19743770,48.78,101468.42,101468,1
MA,42.36,-71.06,2110,Boston,Locately,2008-07-01,2022-04-26,2010-08-01,2012-07-07,2.08,4.02,2.5,2.5,5,5,1178000,45.78,95215.79,95216,1
PA,40.6,-75.36,18015,Bethlehem,Ciclon Semiconductor Device Corporation,2004-01-01,2022-04-26,2005-08-02,2007-03-07,1.59,3.18,,,1,3,24150000,48.62,101120,101120,1
CA,37.38,-122.04,94086,Sunnyvale,Azingo,2005-01-01,2009-08-11,2006-10-01,2008-07-18,1.75,3.55,2,2,4,2,80000000,32.57,67750,67750,0
CA,37.35,-121.99,95051,Santa Clara,Vudu,2004-01-01,2022-04-26,2005-06-01,2007-04-29,1.42,3.33,4.42,9.82,11,2,36000000,38.38,79840,79840,1
CA,37.63,-122.43,94066,San Bruno,YouTube,2005-02-01,2022-04-26,2005-11-01,2006-04-01,0.75,1.16,2.4,8.84,63,2,11500000,40.82,84910,84910,1
NY,40.73,-73.99,10018,New York City,Hashable,2010-01-01,2012-07-25,2010-11-22,2010-11-22,0.89,0.89,1.33,2.53,15,1,4000000,33.07,68780,68780,0
PA,39.95,-75.16,19104,Philadelphia,Avid Radiopharmaceuticals,2005-01-01,2022-04-26,2005-01-25,2009-05-21,0.07,4.39,,,15,4,69900000,37.45,77906,77906,1
IN,39.77,-86.16,46204,Indianapolis,ExactTarget,2000-12-01,2022-04-26,2004-07-21,2012-10-24,3.64,11.9,10.98,12.68,29,7,238209999,34.84,72475.27,72475,1
MA,42.5,-71.2,1803,Burlington,Rhythmia Medical,2004-01-01,2022-04-26,2007-02-06,2010-09-24,3.1,6.73,4,6.73,3,3,14700000,40.28,83791.86,83792,1
CA,37.44,-122.16,94303,Palo Alto,MyMiniLife,2007-01-01,2022-04-26,2006-11-15,2007-11-15,-0.13,0.87,-0.59,1.21,4,3,430000,40.82,84910,84910,1
CA,37.54,-122.3,94403,San Mateo,Adept Cloud,2011-06-01,2022-04-26,2012-10-01,2012-11-01,1.34,1.42,0.59,0.59,5,2,1015000,61.65,128220,128220,1
CA,34.05,-118.24,90039,Los Angeles,HeadCase Humanufacturing,2006-01-01,2012-01-01,2006-08-28,2006-08-28,0.65,0.65,,,3,1,900000,48.78,101468.42,101468,0
NY,40.73,-73.99,10003,New York,Mr. Youth,2002-01-01,2022-04-26,2002-10-01,2009-02-01,0.75,7.09,8.01,9.87,5,2,15100000,57.19,118953.34,118953,1
CA,38.23,-122.64,94954,Petaluma,Teknovus,2001-01-01,2022-04-26,2002-01-01,2009-11-16,1,8.88,4,9.19,7,5,62600000,47.64,99100,99100,1
CA,37.49,-122.23,94063,Redwood City,Qik,2006-06-01,2022-04-26,2008-04-09,2011-01-06,1.86,4.6,3.92,6.43,15,4,14800000,32.57,67750,67750,1
TX,31.57,-97.2,76710,Waco,IonLogix Systems,2007-12-11,2011-02-02,2008-10-24,2008-10-24,0.87,0.87,,,1,1,30000,41.18,85661.05,85661,0
CA,37.39,-121.97,95054,Santa Clara,Atrica,2000-01-01,2007-12-13,2006-04-05,2006-04-05,6.26,6.26,6.01,6.01,10,1,22200000,39.32,81790,81790,0
CA,34.39,-119.51,93013,Carpinteria,AdECN,2003-01-01,2022-04-26,2006-02-01,2006-02-01,3.09,3.09,5,5,6,1,3100000,49.91,103816.66,103817,1
CA,37.56,-122.32,94043,Mountain View,AdMob,2006-12-01,2022-04-26,2006-09-01,2009-01-29,-0.25,2.16,1.41,6.54,42,4,46800000,49.91,103816.66,103817,1
NY,40.73,-73.99,10010,New York City,WeHostels,2011-11-15,2022-04-26,2012-03-18,2012-03-18,0.34,0.34,0.55,1.72,9,1,1200000,20.33,42280,42280,1
PA,39.96,-75.61,19380,West Chester,Lazarus Therapeutics,2006-01-01,2012-02-01,2010-08-02,2010-08-02,4.59,4.59,,,1,1,100000,37.45,77906,77906,0
CA,37.78,-122.42,94105,San Francisco,Loyalty Lab,2003-01-01,2022-04-26,2005-03-22,2010-04-29,2.22,7.33,7.01,7.01,4,3,11000000,48.78,101468.42,101468,1
CA,37.37,-122.04,94086,Sunnyvale,ZManda,2005-01-01,2022-04-26,2005-01-01,2007-05-22,0,2.39,,,5,2,13000000,48.78,101468.42,101468,1
NY,40.73,-74,10012,New York,Jumo,2010-02-01,2022-04-26,2010-11-01,2010-11-01,0.75,0.75,1.03,2.5,5,1,3500000,30.65,63740,63740,1
MA,42.49,-71.28,1730,Bedford,Sionex,2001-01-01,2010-08-06,2005-12-07,2005-12-07,4.93,4.93,0,0,2,1,12000000,37.2,77373.34,77373,0
CA,37.52,-122.27,94002,Belmont,sezmi,2007-01-01,2022-04-26,2007-08-01,2011-11-07,0.58,4.85,0.91,5.42,10,5,78573646,40.82,84910,84910,1
TN,36.14,-86.8,37212,Nashville,StudioNow,2007-01-01,2022-04-26,2007-06-15,2013-01-29,0.45,6.08,3.74,3.74,2,3,15286415,25.18,52368.89,52369,1
WA,47.18,-122.29,98371,Puyallup,Million Dollar Earth,2011-03-01,2012-10-01,2011-03-07,2011-03-07,0.02,0.02,0,0,1,1,30000,44.64,92866.66,92867,0
CA,37.54,-122.3,94403,San Mateo,Composite Software,2002-01-01,2022-04-26,2002-01-01,2012-10-24,0,10.82,9.59,9.59,28,3,14650003,48.78,101468.42,101468,1
CA,37.77,-122.4,94110,San Francisco,Terracotta,2003-01-01,2022-04-26,2006-02-27,2008-09-01,3.16,5.67,9.01,9.01,9,2,23500000,48.78,101468.42,101468,1
MA,42.49,-71.51,1719,Boxborough,FireStar Software,2001-01-01,2010-04-29,2006-01-03,2006-01-03,5.01,5.01,,,2,1,980000,45.78,95215.79,95216,0
CA,37.39,-122.03,94085,Sunnyvale,Aquest Systems,2004-01-01,2010-11-10,2007-02-26,2007-02-26,3.16,3.16,,,0,1,20000000,38.38,79840,79840,0
CA,34.03,-118.47,90404,Santa Monica,Generate,2004-01-01,2022-04-26,2008-03-04,2009-07-14,4.18,5.54,6.38,6.38,0,2,8000000,40.82,84910,84910,1
CA,37.45,-122.23,94401,San Mateo,Attributor,2005-10-01,2022-04-26,2006-01-28,2010-06-10,0.33,4.69,3.25,4.69,13,4,25200000,48.78,101468.42,101468,1
CA,37.55,-122.29,94403,San Mateo,Greenplum Software,2003-06-01,2022-04-26,2006-03-01,2008-01-01,2.75,4.59,7.92,9.21,21,4,61000000,48.78,101468.42,101468,1
CA,37.4,-121.96,95054,Santa Clara,PlaySpan,2006-05-01,2022-04-26,2007-09-01,2010-08-19,1.34,4.3,2.08,5.84,12,4,46300000,40.82,84910,84910,1
MD,38.96,-77.09,20815,Chevy Chase,JackBe,2002-01-01,2022-04-26,2006-01-10,2010-04-08,4.03,8.27,5.81,11.1,15,4,24500000,44.86,93307.37,93307,1
CA,37.5,-122.33,94404,San Mateo,D2C Games,2006-01-01,2008-02-26,2006-12-27,2007-08-29,0.99,1.66,-1.33,-1.33,1,2,7500000,40.82,84910,84910,0
CA,37.56,-122.29,94304,Palo Alto,Zimbra,2003-01-01,2022-04-26,2006-04-01,2006-04-01,3.25,3.25,3.84,7.9,19,1,14500000,61.65,128220,128220,1
WA,47.58,-122.15,98005,Bellevue,Smith & Tinker,2007-01-01,2012-11-08,2009-08-25,2009-08-25,2.65,2.65,1,1,1,1,29000000,30.24,62890,62890,0
CA,34.14,-118.7,91302,Calabasas,Fulcrum Microsystems,2000-01-01,2022-04-26,2005-05-09,2010-03-15,5.36,10.21,8.01,8.01,2,4,81017493,47.64,99100,99100,1
CA,41.79,-87.6,94105,San Francisco,ReTel Technologies,2007-10-01,2022-04-26,2009-08-06,2009-12-02,1.85,2.17,2.17,5.08,4,2,1000000,47.99,99812.73,99813,1
CO,39.98,-105.13,80027,Louisville,NexGen Storage,2010-01-01,2022-04-26,2011-02-07,2011-11-15,1.1,1.87,2.65,2.7,14,2,12010000,42.79,89003.69,89004,1
MA,42.48,-71.15,1801,Woburn,WAY Systems,2002-01-01,2022-04-26,2005-10-03,2005-10-03,3.76,3.76,-1,8.67,2,1,22000000,32.33,67240,67240,1
CA,37.46,-122.17,94025,Menlo Park,Roxro Pharma,1999-01-01,2001-01-01,2007-06-12,2007-06-12,8.45,8.45,,,1,1,42700000,45.62,94894,94894,0
CA,37.46,-122.17,94025,Menlo Park,Intelliden,2000-01-01,2022-04-26,2005-12-21,2007-05-22,5.98,7.39,4,4,5,3,80000000,48.78,101468.42,101468,1
NY,40.73,-73.99,10017,New York,XGraph,2008-10-01,2022-04-26,2010-07-07,2010-07-07,1.76,1.76,0,3.08,5,1,3750000,50.04,104090.91,104091,1
CA,37.39,-122.08,94306,Palo Alto,Playdom,2008-02-01,2022-04-26,2009-11-11,2010-06-21,1.78,2.39,2.31,4.63,37,2,76000000,40.82,84910,84910,1
CA,37.78,-122.42,94107,San Francisco,Servio,2009-04-30,2022-04-26,2010-08-13,2013-03-06,1.29,3.85,1.39,4.24,11,2,9356180,47.99,99812.73,99813,1
NY,40.74,-73.98,10016,New York,Advaliant,2013-04-16,2009-05-04,2004-04-01,2004-04-01,-9.05,-9.05,-6.05,-3.88,6,1,100000,57.19,118953.34,118953,0
GA,33.78,-84.37,30309,Atlanta,Vocalocity,2007-01-01,2022-04-26,2009-01-28,2011-08-29,2.08,4.66,4.58,4.73,9,2,13600000,39.35,81845.79,81846,1
CA,37.78,-122.39,94107,San Francisco,Dapper,2006-10-01,2010-11-16,2007-12-01,2007-12-01,1.17,1.17,1.93,4.01,19,1,3000000,49.91,103816.66,103817,1
CA,37.79,-122.4,94104,San Francisco,SeeSaw Networks,2005-01-01,2012-01-01,2006-11-16,2011-06-23,1.87,6.48,,,4,5,21138876,49.91,103816.66,103817,0
CA,37.41,-122.09,94043,Mountain View,Skyrider,2003-01-01,2008-10-15,2006-10-23,2008-03-05,3.81,5.18,1.75,3.59,2,2,17000000,48.78,101468.42,101468,0
KY,38.05,-84.5,40507,Lexington,AwesomeTouch,2010-07-26,2022-04-26,2010-04-30,2011-06-01,-0.24,0.85,0.9,0.9,3,4,59700,33.84,70394.73,70395,1
CA,37.81,-122.48,94025,Menlo Park,Syncplicity,2008-11-03,2022-04-26,2008-10-31,2008-10-31,-0.01,-0.01,2.97,3.7,12,1,2350000,61.65,128220,128220,1
VA,38.88,-77.44,22031,Chantilly,Fortisphere,2006-01-01,2010-05-01,2007-11-19,2007-11-19,1.88,1.88,1,1,2,1,10000000,45.16,93943.69,93944,0
CA,37.42,-122.14,94306,Palo Alto,PlayerDuel,2011-01-01,2013-05-01,2011-09-05,2012-06-13,0.68,1.45,0,0,2,2,21189,32.57,67750,67750,0
MA,42.4,-71.25,2451,Waltham,Aveksa,2004-01-01,2022-04-26,2006-06-14,2009-02-25,2.45,5.16,7.67,8.22,7,3,28000000,45.78,95215.79,95216,1
CA,37.39,-121.97,95054,Santa Clara,PANTA Systems,2002-01-01,2011-02-14,2005-05-01,2005-05-01,3.33,3.33,,,0,1,9500000,48.78,101468.42,101468,0
CA,37.35,-121.97,95054,Santa Clara,Beceem Communications,2003-10-01,2022-04-26,2005-06-30,2009-04-22,1.75,5.56,2.25,2.25,5,3,69600000,47.64,99100,99100,1
VA,38.92,-77.21,22102,McLean,Trust Digital,2003-03-01,2022-04-26,2005-11-04,2009-07-29,2.68,6.42,2.84,7.24,11,3,23500000,26.42,54960,54960,1
OR,45.41,-122.73,97035,Lake Oswego,Sabrix,2002-01-01,2022-04-26,2006-06-21,2006-06-21,4.47,4.47,6.75,6.75,6,1,13000000,40.21,83635.27,83635,1
NY,40.74,-74,10011,New York,Panther Express,2005-01-01,2022-04-26,2006-07-25,2008-02-27,1.56,3.16,3,3.5,8,2,21750000,38.47,80030,80030,1
PA,40.6,-75.47,18106,Allentown,T-Networks,2000-01-01,2011-09-06,2005-02-28,2005-02-28,5.16,5.16,,,0,1,5750000,33.71,70110,70110,0
ME,42.65,-71.23,1876,Tewksbury,BlueNote Networks,2005-01-01,2022-04-26,2005-09-26,2006-03-06,0.73,1.18,0.16,0.16,1,2,23400000,34.22,71179.41,71179,1
CA,37.49,-122.23,94063,Redwood City,Predictify,2007-03-01,2009-08-01,2008-03-25,2008-03-25,1.07,1.07,0.84,3.99,4,1,4300000,49.91,103816.66,103817,0
CA,37.38,-121.97,95054,Santa Clara,OptiMedica,2004-01-01,2022-04-26,2008-03-26,2013-05-10,4.24,9.36,5.01,5.01,16,2,51000000,45.62,94894,94894,1
CA,37.32,-122.05,95014,Cupertino,Neterion,2001-01-01,2022-04-26,2006-02-24,2006-02-24,5.15,5.15,4,4,6,1,6480000,39.32,81790,81790,1
CA,37.48,-122.15,94085,Sunnyvale,Schooner Information Technology,2007-05-01,2022-04-26,2007-10-01,2009-07-24,0.42,2.23,2.23,4.34,8,2,35000000,61.65,128220,128220,1
CA,37.78,-122.42,94103,San Francisco,Yammer,2008-09-10,2022-04-26,2009-01-19,2012-02-29,0.36,3.47,3.34,5.19,38,5,142000000,61.65,128220,128220,1
TX,30.35,-97.8,78730,Austin,AlterPoint,2001-01-01,2022-04-26,2003-01-01,2005-01-17,2,4.05,6,6,4,3,26800000,41.18,85661.05,85661,1
CA,37.26,-121.78,95138,San Jose,Shocking Technologies,2006-01-01,2013-04-01,2007-04-17,2012-05-21,1.29,6.39,0,0,2,6,55900000,38.38,79840,79840,0
CA,37.39,-122.08,94040,Mountain View,Ribbit,2005-02-23,2022-04-26,2006-10-01,2007-12-17,1.6,2.81,3.43,7.41,14,2,11000000,32.57,67750,67750,1
CA,37.39,-121.97,95054,Santa Clara,StorSimple,2009-01-01,2022-04-26,2009-06-01,2011-06-23,0.41,2.47,3,3,19,3,31500000,61.65,128220,128220,1
NY,40.73,-73.99,10003,New York,Tripl,2011-05-17,2013-07-01,2011-05-20,2012-07-09,0.01,1.15,-0.02,1.23,5,3,900000,30.65,63740,63740,0
CA,37.26,-121.96,95008,Campbell,Sadra Medical,2003-01-01,2022-04-26,2004-06-17,2009-05-22,1.46,6.39,6.42,6.42,4,3,58000000,45.62,94894,94894,1
MA,42.49,-71.21,1803,Burlington,expressor software,2007-01-01,2022-04-26,2007-07-01,2011-12-19,0.5,4.97,1,4.51,10,4,29050000,45.78,95215.79,95216,1
CA,37.39,-121.97,95054,Santa Clara,Azaire Networks,2003-01-01,2011-12-29,2006-08-25,2006-08-25,3.65,3.65,,,2,1,21000000,48.78,101468.42,101468,0
NY,40.91,-73.84,10016,New York,Quigo,2000-01-01,2022-04-26,2004-03-01,2007-06-07,4.17,7.44,,,25,2,35000000,57.19,118953.34,118953,1
TX,33,-96.68,75082,Richardson,Navini Networks,2000-01-01,2022-04-26,2005-08-10,2006-06-21,5.61,6.47,4,4,3,2,30920000,33.52,69717.5,69718,1
CA,37.41,-122.02,94089,Sunnyvale,VirtualLogix,2002-01-01,2022-04-26,2004-01-01,2010-01-12,2,8.04,6.59,6.59,9,4,29288979,48.78,101468.42,101468,1
MA,42.66,-71.15,1810,Andover,Exit41,1999-01-01,2013-05-01,2007-02-04,2011-05-12,8.1,12.37,11.84,12.05,11,4,24200000,45.78,95215.79,95216,0
CA,37.41,-122.11,94040,Mountain View,HighlightCam,2009-07-27,2013-10-30,2009-06-01,2011-11-29,-0.15,2.34,0.06,1.58,8,2,3000000,32.57,67750,67750,0
CA,37.42,-122.08,94043,Mountain View,Kace networks,2003-01-01,2022-04-26,2005-07-25,2006-05-22,2.56,3.39,8.15,8.15,7,2,11000000,48.78,101468.42,101468,1
NY,40.73,-73.99,10014,New York,Thwapr,2007-01-01,2013-07-20,2009-01-01,2010-01-01,2,3,2.09,4.07,7,2,2000000,40.36,83955.55,83956,0
CA,37.32,-122.05,95014,Cupertino,Cloud.com,2008-01-01,2022-04-26,2010-01-01,2010-01-01,2,2,3.66,4.08,12,1,11000000,61.65,128220,128220,1
CA,37.45,-122.17,94063,Redwood City,"Wildfire, a division of Google",2008-07-01,2022-04-26,2008-12-01,2011-12-01,0.42,3.42,3.6,4.85,19,4,14100000,61.65,128220,128220,1
CA,37.66,-122.39,94080,South San Francisco,BioSeek,2000-01-01,2022-04-26,2007-05-23,2007-05-23,7.39,7.39,4,4,4,1,10000000,45.62,94894,94894,1
MA,42.41,-71.26,2451,Waltham,xkoto,2005-01-01,2011-10-01,2005-11-01,2009-01-26,0.83,4.07,2,2,3,3,11035000,45.78,95215.79,95216,0
MA,42.47,-71.26,2421,Lexington,Coradiant,2000-01-01,2022-04-26,2005-08-22,2005-08-22,5.64,5.64,8.01,11.33,9,1,12700000,38.12,79290,79290,1
CA,39.78,-100.45,94566,Pleasanton,QuantaLife,2008-01-01,2022-04-26,2010-12-13,2011-07-22,2.95,3.56,0,0,3,2,20757182,45.62,94894,94894,1
CA,37.4,-121.98,95054,Santa Clara,BroadLight,2000-06-01,2022-04-26,2005-11-17,2007-09-11,5.47,7.28,10.59,10.59,5,3,27000000,48.78,101468.42,101468,1
NY,40.74,-73.99,10016,New York,BBE,2004-04-01,2022-04-26,2008-01-01,2008-01-01,3.75,3.75,5.54,6.76,7,1,10000000,57.19,118953.34,118953,1
CA,33.92,-118.4,90245,El Segundo,TelASIC Communications,2001-01-01,2009-12-24,2005-03-22,2005-03-22,4.22,4.22,,,4,1,26000000,39.32,81790,81790,0
CA,37.38,-122.03,94086,Sunnyvale,Mobius Microsystems,2004-01-01,2022-04-26,2006-01-31,2007-12-10,2.08,3.94,-3,-3,3,2,20220000,38.38,79840,79840,1
NY,40.72,-74,10013,New York,Boonty,2001-03-01,2022-04-26,2005-07-07,2005-07-07,4.35,4.35,6.17,9.09,7,1,10000000,38.47,80030,80030,1
NY,40.74,-73.99,10010,New York,B-Side Entertainment,2005-04-07,2010-03-01,2006-10-11,2008-11-14,1.51,3.61,1.32,4.16,8,2,7350000,38.47,80030,80030,0
NY,40.74,-73.99,10010,New York,Fashism,2009-01-01,2013-09-27,2010-11-19,2010-11-19,1.88,1.88,1.66,3.02,5,1,1000000,44.08,91690,91690,0
CA,32.88,-117.21,92121,San Diego,Nirvanix,2007-07-01,2013-10-15,2007-09-18,2012-05-03,0.22,4.84,0.22,6.25,22,5,70000000,61.65,128220,128220,0
CA,37.78,-122.42,94133,San Francisco,Sweepery,2008-08-01,2011-06-29,2008-09-01,2009-12-01,0.08,1.33,,,6,2,500000,48.78,101468.42,101468,0
TX,30.31,-97.83,78746,Austin,Luminary Micro,2004-01-01,2022-04-26,2005-02-01,2007-08-23,1.09,3.64,3.5,3.5,2,3,44000000,51.57,107270,107270,1
CO,39.56,-104.87,80112,Englewood,ZettaCore,1999-01-01,2012-01-04,2009-05-11,2009-05-11,10.36,10.36,5.84,5.84,4,1,21000000,49.43,102820,102820,0
CA,34.08,-118.34,90038,Los Angeles,Clicker,2009-01-01,2022-04-26,2009-09-15,2010-02-18,0.7,1.13,1.45,2.21,12,2,19000000,40.82,84910,84910,1
CA,39.78,-100.45,94025,Menlo Park,iKoa,2006-01-01,2012-07-01,2007-06-05,2010-07-16,1.42,4.54,,,0,3,18700000,47.64,99100,99100,0
CA,37.63,-122.41,94066,San Bruno,SocialShield,2009-09-01,2022-04-26,2010-10-05,2010-10-05,1.09,1.09,1.61,2.17,6,1,10000000,48.78,101468.42,101468,1
FL,28.03,-82.65,33635,Tampa,LeisureLogix,2006-08-01,2012-09-04,2007-01-01,2007-01-01,0.42,0.42,,,5,3,5900000,36.92,76793.69,76794,0
NH,42.74,-71.49,3062,Nashua,AutoVirt,2007-01-01,2012-02-01,2007-01-01,2011-05-24,0,4.39,3.15,4.39,5,7,24300000,41.31,85915.27,85915,0
CA,37.38,-122.08,94040,Mountain View,Loopt,2005-01-01,2022-04-26,2005-06-01,2010-05-03,0.41,5.34,5.52,7.19,21,4,32006000,32.57,67750,67750,1
CA,37.32,-122.05,95014,Cupertino,Blue Lane Technologies,2002-01-01,2022-04-26,2005-02-01,2005-02-01,3.09,3.09,1,1,4,1,13400000,39.32,81790,81790,1
CA,37.78,-122.39,94107,San Francisco,Socialcast,2005-06-01,2022-04-26,2009-04-06,2010-03-31,3.85,4.83,4.96,7.26,18,3,9400000,61.65,128220,128220,1
MN,44.95,-93.1,55113,Saint Paul,Apnex Medical,2006-01-01,2013-05-01,2009-12-02,2012-09-24,3.92,6.73,,,3,3,44000000,38.16,79380.55,79381,0
PA,39.95,-75.16,19103,Philadelphia,MobileReactor,2010-01-01,2013-07-01,2011-10-24,2012-06-15,1.81,2.45,0.75,0.75,2,2,1175000,39.43,82012.63,82013,0
MA,42.5,-71.2,1803,Burlington,Vela Systems,2005-01-01,2022-04-26,2006-05-01,2010-09-02,1.33,5.67,2.5,5.67,4,3,12000000,45.78,95215.79,95216,1
CA,37.4,-122.03,94085,Sunnnyvale,FlowCardia,2002-01-01,2022-04-26,2007-08-30,2007-08-30,5.66,5.66,5,5,4,1,30000000,45.62,94894,94894,1
CA,37.78,-122.39,94107,San Francisco,Transpond,2007-01-01,2022-04-26,2009-02-04,2009-02-04,2.1,2.1,2.28,3.17,6,1,4100000,49.91,103816.66,103817,1
IL,40.12,-88.24,61820,Champaign,Caterva,2008-01-01,2013-06-01,2009-12-15,2011-07-06,1.96,3.51,3.5,3.5,1,2,2408500,27.92,58080,58080,0
NC,35.73,-79.18,27312,Pittsboro,Biolex Therapeutics,1997-01-01,2012-06-01,2005-01-07,2011-12-19,8.02,14.97,4,4,4,7,162264126,35.83,74532,74532,0
MA,42.38,-71.11,2140,Cambridge,Foldrx Pharmaceuticals,2003-01-01,2022-04-26,2010-06-15,2010-06-15,7.46,7.46,5.59,5.59,7,1,29000000,47.48,98770,98770,1
MA,42.36,-71.1,2139,Cambridge,MetaCarta,2001-01-01,2022-04-26,2005-09-08,2005-09-08,4.69,4.69,4.16,9.27,12,1,10000000,32.33,67240,67240,1
MA,42.49,-71.2,1803,Burlington,Viridity Software,2008-01-01,2022-04-26,2008-12-01,2010-08-19,0.92,2.63,2.95,3.97,5,2,15000000,45.78,95215.79,95216,1
CA,37.68,-122.4,94005,Brisbane,SARcode Bioscience,2006-01-01,2022-04-26,2006-12-01,2011-07-18,0.92,5.55,5,5,9,2,73000000,45.62,94894,94894,1
NY,40.73,-73.99,10013,New York,Lore,2011-03-01,2022-04-26,2011-06-27,2012-04-05,0.32,1.1,0.84,2.04,5,4,12123837,32.99,68621.82,68622,1
WA,47.61,-122.34,98101,Seattle,Pelago,2005-12-01,2022-04-26,2006-11-01,2008-05-27,0.92,2.49,2.58,5.38,18,3,22400000,32.03,66610,66610,1
CA,37.78,-122.42,94105,San Francisco,Desk,2009-01-01,2022-04-26,2010-04-15,2011-01-04,1.28,2.01,2.16,3.44,12,2,5700000,61.65,128220,128220,1
CA,39.78,-100.45,94025,Menlo Park,Trinity Biosystems,2002-01-01,2010-05-24,2006-07-18,2009-11-09,4.55,7.86,,,2,2,28500000,45.62,94894,94894,0
MA,42.58,-71.44,1886,Westford,Virtual Computer,2007-01-01,2022-04-26,2007-12-01,2009-01-26,0.92,2.07,2,2,9,2,21000000,45.78,95215.79,95216,1
NC,35.78,-78.64,27518,Raleigh,Oasys Mobile,1984-01-01,2012-05-21,2005-11-18,2005-11-18,21.9,21.9,24.68,24.68,1,1,8000000,38.93,80972.63,80973,0
CA,37.42,-122.21,94025,Menlo Park,Gamook,2008-01-01,2010-01-01,2008-03-16,2008-03-16,0.21,0.21,0.16,0.16,1,1,1500000,40.82,84910,84910,0
MA,42.37,-71.25,2453,Waltham,Quattro Wireless,2006-10-01,2022-04-26,2007-05-01,2009-03-17,0.58,2.46,2.5,5.09,17,3,28300000,45.25,94116.66,94117,1
CA,37.78,-122.42,94107,San Francisco,NewsBasis,2009-01-01,2012-12-16,2009-11-01,2009-11-01,0.83,0.83,,,3,1,545000,39.32,81790,81790,0
MA,42.56,-71.27,1821,Billerica,Nexx Systems,2001-01-01,2022-04-26,2005-09-29,2009-12-14,4.75,8.96,5,5,10,3,15247925,55.43,115300,115300,1
NY,40.76,-73.99,10003,NY,5min Media,2007-01-01,2022-04-26,2007-04-01,2009-07-23,0.25,2.56,2,4.78,11,3,12800000,38.47,80030,80030,1
IL,41.88,-87.62,60654,Chicago,MyCabbage,2010-03-01,2013-06-01,2011-03-24,2012-08-23,1.06,2.48,0,1.31,1,2,950000,34.37,71480,71480,0
CA,37.29,-121.95,95008,Campbell,TeleCIS Wireless,2000-01-01,2022-04-26,2006-01-01,2006-01-01,6.01,6.01,6.01,6.01,2,1,10000000,47.64,99100,99100,1
NY,40.73,-73.99,10013,New York,Snapette,2011-01-01,2022-04-26,2011-10-12,2011-10-12,0.78,0.78,0.34,2.49,5,1,1500000,44.08,91690,91690,1
CA,37.78,-122.42,94107,San Francisco,EmSense,2004-01-01,2011-11-01,2009-11-03,2010-12-10,5.84,6.95,5.92,6.38,6,2,13000000,38.38,79840,79840,0
NY,40.65,-73.95,11217,Brooklyn,MakerBot,2009-01-01,2022-04-26,2011-08-23,2011-08-23,2.64,2.64,4.1,4.93,6,1,10000000,36.31,75516.66,75517,1
NY,42.71,-73.2,10003,New York,Image Space Media,2008-01-01,2022-04-26,2010-01-19,2010-12-30,2.05,3,2,3.81,9,2,3915000,57.19,118953.34,118953,1
NY,40.65,-73.95,11222,Brooklyn,Wanderfly,2009-08-01,2022-04-26,2009-08-01,2011-02-01,0,1.5,1.58,3.17,7,2,1400000,20.33,42280,42280,1
TX,30.27,-97.75,78702,Austin,FameCast,2007-01-01,2010-01-01,2007-06-01,2010-03-30,0.41,3.24,0.41,6.8,5,3,9700000,27.3,56790,56790,0
CA,37.34,-121.89,95110,San Jose,Cassatt,2003-01-01,2022-04-26,2006-03-01,2006-03-01,3.16,3.16,2,2,6,1,15000000,48.78,101468.42,101468,1
CA,37.78,-122.39,94608,Emeryville,VirtuOz,2002-01-01,2022-04-26,2005-10-10,2012-04-01,3.78,10.25,10.03,11.03,18,4,38764000,61.65,128220,128220,1
CA,37.4,-122.08,94041,Mountain View,Nimbula,2008-01-01,2022-04-26,2010-06-23,2010-08-23,2.48,2.64,3.42,5.2,8,2,20750000,61.65,128220,128220,1
TX,30.27,-97.74,78730,Austin,Storspeed,2007-01-01,2010-03-04,2007-06-07,2007-06-07,0.43,0.43,2,2,6,1,13000000,41.18,85661.05,85661,0
NY,40.74,-73.99,10007,New York,SpaBooker,2007-11-01,2022-04-26,2008-01-01,2011-10-01,0.17,3.92,0,2.92,8,2,14700000,44.28,92095.55,92096,1
CA,37.42,-122.09,94043,Mountain View,Jajah,2005-01-01,2022-04-26,2006-03-01,2009-03-01,1.16,4.16,3,8.92,19,4,33000000,32.57,67750,67750,1
CA,37.4,-121.94,95134,San Jose,Baxano,2005-01-01,2022-04-26,2010-06-23,2010-06-23,5.48,5.48,,,5,1,30000000,42.67,88753.02,88753,1
TX,32.96,-96.71,75081,Richardson,RipCode,2006-08-06,2012-07-01,2006-11-01,2010-05-11,0.24,3.76,2.42,3.88,10,4,33000000,41.18,85661.05,85661,0
DC,38.89,-77.04,20005,Washington,VeteranCentral.com,2011-12-15,2013-07-01,2011-06-15,2011-06-15,-0.5,-0.5,,,1,1,150000,34.54,71840,71840,0
MA,42.38,-71.24,2452,Waltham,RippleFunction,2010-03-01,2013-06-01,2010-05-01,2010-05-01,0.17,0.17,0.59,0.59,3,1,20000,45.25,94116.66,94117,0
CA,37.4,-122.11,94040,Mountain View,Impeva,2004-01-01,2012-03-16,2008-11-03,2008-11-03,4.84,4.84,,,2,1,10000000,48.78,101468.42,101468,0
CA,37.29,-121.95,95008,Campbell,AdexLink,2010-08-16,2012-08-01,2011-06-10,2011-06-10,0.82,0.82,,,0,1,2000000,49.91,103816.66,103817,0
MA,42.5,-71.2,1803,Burlington,Certeon,2003-01-01,2013-02-01,2007-07-16,2012-05-01,4.54,9.34,2,2,2,2,19000000,45.78,95215.79,95216,0
CA,37.78,-122.42,94104,San Francisco,Applied Identity,2002-01-01,2012-01-01,2005-01-13,2008-10-01,3.04,6.75,4,4,2,3,33000000,49.91,103816.66,103817,0
CA,34.1,-118.33,90028,Hollywood,HelpMeRent.com,2010-10-01,2013-02-01,2011-08-01,2011-08-01,0.83,0.83,-0.17,1.19,5,1,154000,40.15,83515,83515,0
VA,38.92,-77.23,22182,Viena,DubMeNow,2008-01-01,2013-06-01,2008-08-01,2012-06-05,0.58,4.43,1.25,2.15,5,4,7516703,26.42,54960,54960,0
NJ,40.48,-74.63,8844,Hillsborough,Relationship Analytics,2012-08-01,2013-08-01,2013-04-05,2013-05-16,0.68,0.79,0,0,2,2,125000,48.14,100134,100134,0
CA,37.55,-122.32,94403,San Mateo,Etelos,1999-05-01,2013-01-01,2009-09-30,2012-05-29,10.42,13.09,8.98,12.72,4,3,4087500,61.65,128220,128220,0
CA,34.49,-119.81,93105,Santa Barbara,Make It Work,1995-01-01,2012-06-01,2005-11-15,2005-11-15,10.88,10.88,15.5,15.5,3,1,1000000,38.38,79840,79840,0
AZ,33.43,-111.94,85281,Tempe,FetchBack,2007-04-01,2022-04-26,2008-01-01,2008-01-01,0.75,0.75,3.17,4.62,13,1,1000000,31.2,64905,64905,1
OR,45.38,-122.76,97062,Tualatin,Wi-Chi,2008-01-01,2011-12-10,2008-05-15,2008-05-15,0.37,0.37,,,3,1,7000000,44.66,92890,92890,0
MA,42.36,-71.12,2139,Cambridge,Alnara Pharmaceuticals,2008-01-01,2022-04-26,2008-10-30,2010-01-28,0.83,2.08,1,1,4,2,55000000,47.48,98770,98770,1
CA,37.79,-122.29,60606,Chicago,Braintree,2007-10-01,2022-04-26,2011-06-29,2012-09-17,3.75,4.97,4.68,4.84,10,2,69000000,48.78,101468.42,101468,1
CA,39.78,-100.45,94040,Mountain View,Rhythm NewMedia,2005-01-01,2022-04-26,2010-11-10,2012-09-11,5.86,7.7,5.86,7.67,28,4,28932322,49.91,103816.66,103817,1
CA,37.5,-122.22,94063,Redwood City,Pearl Therapeutics,2006-01-01,2022-04-26,2008-07-03,2013-04-01,2.5,7.25,,,4,6,232000100,45.62,94894,94894,1
CA,37.39,-122.07,94041,Mountain View,Lexity,2009-08-01,2022-04-26,2009-09-01,2011-03-03,0.08,1.59,2.12,4,5,2,5700000,61.65,128220,128220,1
WA,47.68,-122.12,98052,Redmond,Smilebox,2000-08-28,2022-04-26,2006-02-01,2010-02-23,5.43,9.5,,,13,3,14000000,33.53,69746.25,69746,1
CA,37.54,-122.33,94403,San Mateo,B-hive Networks,2005-01-01,2022-04-26,2006-08-25,2006-08-25,1.65,1.65,,,4,2,7500000,48.78,101468.42,101468,1
NY,40.65,-73.95,11211,Brooklyn,Hot Potato,2009-01-01,2022-04-26,2009-11-25,2009-11-25,0.9,0.9,0.41,1.63,12,1,1420000,30.65,63740,63740,1
PA,40.25,-74.85,19067,Yardley,Three Screen Games,2009-01-01,2012-03-14,2009-10-07,2009-10-07,0.76,0.76,,,3,1,500000,25.77,53600,53600,0
CA,34.02,-118.49,90401,Santa Monica,ServiceMesh,2008-01-01,2022-04-26,2011-11-16,2011-11-16,3.88,3.88,3,5.83,9,1,15000000,61.65,128220,128220,1
CA,34.1,-118.33,90028,Hollywood,Help Me Rent Magazine,2010-01-01,2012-05-01,2010-08-01,2010-08-01,0.58,0.58,,,13,1,500000,40.15,83515,83515,0
CA,37.87,-122.27,94710,Berkeley,MOG,2005-06-01,2022-04-26,2006-05-04,2010-02-26,0.92,4.74,0.67,7.77,12,7,24900000,27.5,57190,57190,1
NY,40.74,-74,10011,New York,Oyster.com,2008-03-01,2022-04-26,2008-03-01,2012-10-11,0,4.62,3.29,5.27,15,4,23400000,20.33,42280,42280,1
NY,40.73,-74,10012,New York,StyleTrek,2010-02-01,2012-01-01,2010-02-01,2010-02-01,0,0,0.33,0.33,2,1,1500000,44.08,91690,91690,0
CA,32.99,-117.08,92128,San Diego,Sequoia Communications,2000-01-01,2011-01-01,2004-11-09,2009-06-02,4.86,9.42,,,3,7,74000000,47.64,99100,99100,0
CA,37.37,-122.04,94089,Sunnyvale,FlashSoft,2009-11-25,2022-04-26,2011-06-28,2011-06-28,1.59,1.59,1.19,2.55,6,1,3000000,48.78,101468.42,101468,1
CA,33.55,-117.68,92677,Laguna Niguel,Symwave,2001-01-01,2022-04-26,2007-07-18,2009-08-06,6.55,8.6,5,5,4,3,26200000,47.64,99100,99100,1
CA,37.4,-122.05,94043,Mountain View,Clearwell Systems,2004-12-06,2011-05-19,2006-04-04,2007-08-22,1.33,2.71,4.37,6.46,6,2,29000000,48.78,101468.42,101468,1
CA,42.57,-71.32,1862,North Billerica,SemEquip,2000-01-01,2022-04-26,2005-08-04,2005-08-04,5.59,5.59,,,3,1,26000000,55.43,115300,115300,1
CA,37.49,-122.23,94063,Redwood City,CubeTree,2008-01-01,2022-04-26,2008-02-01,2009-11-02,0.08,1.84,1.42,2.34,3,3,11500000,61.65,128220,128220,1
CA,37.79,-122.4,94105,San Francisco,Songbird,2006-02-01,2013-06-28,2006-10-02,2010-01-27,0.67,3.99,5.08,7.37,27,3,11015719,32.57,67750,67750,0
CA,37.78,-122.42,94103,San Francisco,SimpleGeo,2009-05-01,2022-04-26,2009-11-10,2010-05-18,0.53,1.05,1.3,3.38,30,3,9807367,49.91,103816.66,103817,1
CA,37.39,-122.07,94041,Mountain View,TouristEye,2010-02-01,2022-04-26,2010-02-01,2012-11-06,0,2.76,1.16,1.16,4,3,475000,22.35,46470,46470,1
NY,40.73,-73.99,10005,New York,Oberon Media,2003-01-01,2022-04-26,2008-10-06,2010-11-10,5.77,7.86,9.26,9.26,16,2,36000000,38.47,80030,80030,1
CA,37.66,-121.87,94588,Pleasanton,Arroyo Video Solutions,2002-01-01,2022-04-26,2005-03-02,2005-03-02,3.17,3.17,,,4,1,12000000,40.82,84910,84910,1
CA,37.45,-122.16,94301,Palo Alto,Particle Code,2010-05-01,2022-04-26,2010-06-30,2010-06-30,0.16,0.16,1.48,1.48,3,1,3000000,48.78,101468.42,101468,1
IN,39.91,-86.08,46250,Indianapolis,Vontoo,2005-01-01,2012-10-31,2009-02-17,2011-02-24,4.13,6.15,5.57,6.11,10,2,2192000,29.16,60655,60655,0
CA,37.55,-122.32,94608,Emeryville,Quantivo,2005-01-01,2022-04-26,2008-01-09,2009-12-16,3.02,4.96,6.58,6.68,11,2,9400000,47.99,99812.73,99813,1
CA,37.43,-122.1,94043,Mountain View,Crossing Automation,2003-01-01,2022-04-26,2008-05-05,2010-03-23,5.35,7.23,,,2,4,13045000,47.64,99100,99100,1
CA,37.56,-122.3,94402,San Mateo,Yield Software,2007-01-01,2022-04-26,2008-06-04,2008-06-04,1.42,1.42,1,1,7,1,6000000,49.91,103816.66,103817,1
PA,40.04,-76.31,17603,Lancaster,FlyCast,2006-01-01,2013-01-01,2008-01-01,2009-07-22,2,3.56,4.57,4.57,3,2,2100000,25.63,53300,53300,0
WA,39.78,-100.45,98104,Seattle,Off & Away,2009-12-01,2022-04-26,2010-05-03,2010-10-21,0.42,0.89,0.08,1.86,3,2,3250000,26.42,54950,54950,1
CA,37.4,-121.89,95131,San Jose,CypherMax,2000-01-01,2012-09-10,2006-07-27,2007-02-25,6.57,7.16,,,1,3,148000000,38.38,79840,79840,0
CA,34.19,-118.88,91360,Thousand Oaks,Nexsan,2000-01-01,2022-04-26,2003-12-01,2009-04-18,3.92,9.3,10.75,10.75,10,2,24500000,38.38,79840,79840,1
NY,40.78,-73.98,10001,New York,Producteev,2008-07-08,2022-04-26,2008-07-15,2010-02-01,0.02,1.57,2.48,4.87,12,3,1310000,44.28,92095.55,92096,1
NY,40.76,-73.99,10036,New York,SpinTheCam,2010-02-12,2012-02-17,2010-01-01,2010-01-01,-0.12,-0.12,0.05,0.05,1,1,150000,38.47,80030,80030,0
CA,39.78,-100.45,94063,Redwood City,NebuAd,2006-01-01,2009-05-20,2007-07-01,2007-09-01,1.5,1.67,0,7.52,2,2,30150000,49.91,103816.66,103817,0
CA,37.78,-122.41,94103,San Francisco,DanceJam,2007-04-01,2011-01-01,2007-05-01,2008-02-01,0.08,0.84,0,4.18,4,2,4500000,40.82,84910,84910,0
CA,37.57,-122.27,94404,Foster City,Right90,2003-01-01,2022-04-26,2005-02-28,2008-09-23,2.16,5.73,5,5,5,3,22000000,48.78,101468.42,101468,1
CA,37.78,-122.42,94107,San Francisco,SocialMedia.com,2007-01-01,2022-04-26,2007-09-01,2009-01-29,0.67,2.08,3.03,4.29,23,3,10000000,49.91,103816.66,103817,1
CA,37.32,-122.05,95014,Cupertino,XtremIO,2009-01-01,2022-04-26,2009-11-11,2011-12-05,0.86,2.93,3,3,4,3,19000000,61.65,128220,128220,1
CA,37.37,-122.04,94086,Sunnyvale,Level 5 Networks,2002-01-01,2022-04-26,2005-06-20,2005-06-20,3.47,3.47,2,2,3,1,30000000,47.64,99100,99100,1
CA,34.11,-118.02,91006,Arcadia,Siimpel Corporation,2000-01-01,2022-04-26,2005-11-11,2009-12-16,5.87,9.96,8.17,8.17,7,6,53818873,38.38,79840,79840,1
CA,39.78,-100.45,92130,San Diego,Aragon Pharmaceuticals,2009-01-01,2022-04-26,2009-05-27,2012-10-04,0.4,3.76,3,3,15,4,122000000,45.62,94894,94894,1
CA,37.67,-122.39,94005,Brisbane,Tercica,2002-01-01,2022-04-26,2005-10-14,2007-07-06,3.79,5.51,,,11,2,83000000,45.62,94894,94894,1
NY,40.74,-73.99,10003,New York,Robotgalaxy,2006-01-01,2012-12-09,2007-01-01,2008-09-16,1,2.71,,,1,2,12000000,38.47,80030,80030,0
CA,37.37,-122.04,94085,Sunnyvale,PasswordBank,2008-01-01,2022-04-26,2008-03-01,2009-07-01,0.16,1.5,3.16,5.55,6,2,3500000,48.78,101468.42,101468,1
CA,37.43,-122.13,94306,Palo Alto,SnapTell,2006-01-01,2022-04-26,2007-06-07,2007-06-07,1.43,1.43,2.35,3.46,5,1,4000000,48.78,101468.42,101468,1
CA,33.88,-117.73,92887,Yorba Linda,Gigi Hill,2009-01-01,2013-07-16,2011-06-15,2012-08-08,2.45,3.6,,,9,2,4000000,23.46,48800,48800,0
CA,37.41,-122.02,94089,Sunnyvale,CloudShield Technologies,2000-01-01,2022-04-26,2005-10-28,2007-09-17,5.83,7.72,10.01,10.01,11,2,25000000,48.78,101468.42,101468,1
NY,40.74,-74,10011,New York,Instinctiv,2007-08-01,2022-04-26,2008-06-01,2011-05-05,0.84,3.76,0.9,0.9,5,3,1420698,33.07,68780,68780,1
CA,37.25,-121.97,95008,Campbell,Anchor Bay Technologies,2001-10-01,2022-04-26,2003-05-16,2007-01-29,1.62,5.33,-3.75,-3.75,5,2,10000000,47.64,99100,99100,1
CA,37.44,-122.16,94301,Palo Alto,Waze,2007-01-01,2022-04-26,2008-03-01,2011-10-18,1.16,4.8,2.33,6.9,18,3,67000000,31.1,64683.75,64684,1
CA,37.51,-122.25,94070,San Carlos,Aster Data Systems,2005-07-01,2022-04-26,2005-11-01,2010-09-22,0.34,5.23,4.17,5.72,13,4,53000000,47.99,99812.73,99813,1
CA,34.05,-118.44,90024,Los Angeles,Diversion,2010-05-01,2012-06-01,2010-10-18,2011-07-22,0.47,1.22,0,1.22,5,2,300000,40.82,84910,84910,0
CA,37.44,-122.16,94301,Palo Alto,Codesion,2002-01-01,2022-04-26,2007-09-01,2010-07-01,5.67,8.5,6.75,8.09,4,3,1400000,48.78,101468.42,101468,1
WA,47.63,-122.17,98005,Bellevue,Action Engine,2000-02-01,2022-04-26,2000-05-01,2007-07-01,0.25,7.42,3.92,10.92,9,5,58200000,32.03,66610,66610,1
CA,34.01,-118.49,94301,Palo Alto,Mytopia,2007-01-01,2022-04-26,2008-01-01,2009-03-01,1,2.16,4.36,5.33,10,2,3500000,40.82,84910,84910,1
AZ,33.41,-111.91,85284,Tempe,Andigilog,1996-01-01,2012-07-08,2007-02-20,2007-02-20,11.15,11.15,,,0,1,18000000,47.23,98240,98240,0
CA,37.37,-122.04,94085,Sunnyvale,BARRX Medical,2003-01-01,2022-04-26,2010-07-14,2010-07-14,7.54,7.54,7.01,7.01,6,1,15000000,42.67,88753.02,88753,1
CA,37.38,-122,95051,Santa Clara,Power Analog Microelectronics,2004-01-01,2012-09-18,2007-12-01,2007-12-01,3.92,3.92,,,2,2,12000000,38.38,79840,79840,0
CA,33.16,-117.35,92008,Carlsbad,WiLinx,2003-01-01,2012-01-04,2007-01-10,2007-01-10,4.03,4.03,,,0,1,15000000,47.64,99100,99100,0
CA,37.78,-122.42,94111,San Francisco,Cohuman,2009-10-09,2022-04-26,2009-09-09,2011-01-01,-0.08,1.23,0.32,1.3,4,2,1400000,61.65,128220,128220,1
CA,37.56,-122.29,94404,San Mateo,M-Factor,2003-01-01,2022-04-26,2007-06-14,2009-02-10,4.45,6.12,6.59,6.59,3,2,10100000,48.78,101468.42,101468,1
CA,37.35,-121.99,95051,Santa Clara,Athena Design Systems,2003-01-01,2012-01-01,2007-01-29,2007-01-29,4.08,4.08,,,0,1,4000000,48.78,101468.42,101468,0
CA,37.55,-122.29,94403,San Mateo,Servo Software,2008-01-01,2022-04-26,2009-12-15,2009-12-15,1.96,1.96,1.96,2,11,1,3011408,48.78,101468.42,101468,1
CA,37.55,-122.31,94402,San Mateo,Levanta,1998-01-01,2008-05-09,2007-09-23,2007-09-23,9.73,9.73,6,6,2,1,8000000,48.78,101468.42,101468,0
CA,37.57,-122.32,94401,San Mateo,EdgeSpring,2010-07-01,2022-04-26,2010-07-01,2013-05-17,0,2.88,2.34,2.34,15,2,12700000,47.99,99812.73,99813,1
CA,33.83,-118.32,90501,Torrance,DotSpots,2007-09-01,2012-04-15,2007-09-01,2007-09-01,0,0,0.33,3.22,5,1,300000,39.32,81790,81790,0
CA,33.62,-111.89,90291,Santa Monica,Republic Project,2008-08-01,2022-04-26,2012-09-01,2012-09-01,4.09,4.09,4.67,5.19,13,1,1000000,49.91,103816.66,103817,1
RI,41.82,-71.41,2903,Providence,"MoveableCode, Inc.",2010-01-01,2012-01-14,2009-01-01,2012-04-01,-1,2.25,1.75,1.75,3,2,350000,30.63,63700,63700,0
CA,37.78,-122.42,94107,San Francisco,Opzi,2010-05-01,2013-07-01,2010-01-01,2010-09-01,-0.33,0.34,0.41,0.87,5,2,1015000,40.82,84910,84910,0
IL,41.92,-87.69,60647,Chicago,Where I've Been,2007-06-08,2022-04-26,2008-03-15,2010-04-15,0.77,2.85,-0.43,2.85,3,2,1750000,20.05,41700,41700,1
CA,37.44,-122.16,94301,Palo Alto,ScaleIO,2011-01-01,2022-04-26,2012-12-04,2012-12-04,1.93,1.93,1.67,2.47,1,1,12000000,48.78,101468.42,101468,1
CA,37.76,-122.42,94110,San Francisco,WeAre.Us,2007-12-01,2012-04-23,2008-08-01,2008-08-01,0.67,0.67,-0.92,0.86,7,1,50000,49.91,103816.66,103817,0
CA,37.38,-121.96,95054,Santa Clara,Kickfire,2006-01-01,2010-06-17,2008-07-31,2008-07-31,2.58,2.58,3,4.61,4,1,20000000,48.78,101468.42,101468,0
TX,30.27,-97.78,78746,Austin,"LifeSize, a Division of Logitech",2003-01-01,2022-04-26,2005-12-19,2006-09-18,2.97,3.72,6.97,8.33,16,2,42500000,33.52,69717.5,69718,1
CA,33.92,-118.4,90245,"El Segundo,",CHiL Semiconductor,2006-01-01,2022-04-26,2006-01-01,2008-05-07,0,2.35,0,5.16,7,3,22487000,47.64,99100,99100,1
CA,37.56,-122.29,94404,San Mateo,Aptana,2007-01-01,2022-04-26,2009-07-14,2009-07-14,2.53,2.53,-1.25,4.05,3,1,7800000,48.78,101468.42,101468,1
NJ,40.71,-74.96,8827,Hampton,Enpirion,2001-01-01,2022-04-26,2004-12-21,2011-03-31,3.97,10.25,3,3,8,4,59000000,57.76,120140,120140,1
ID,43.49,-112.04,83402,Idaho Falls,RFinity,2008-10-01,2013-06-01,2011-02-01,2011-02-01,2.34,2.34,0.58,2.37,5,1,4000000,24.37,50690,50690,0
CA,37.78,-122.39,94107,San Francisco,Arch Rock Corporation,2005-01-01,2022-04-26,2005-10-01,2007-05-02,0.75,2.33,2,2,6,2,15000000,48.78,101468.42,101468,1
CA,37.78,-122.42,94105,San Francisco,Topsy Labs,2007-01-15,2022-04-26,2008-01-01,2012-10-01,0.96,5.72,6.04,6.88,18,6,35200000,47.99,99812.73,99813,1
MA,42.5,-71.2,1803,Burlington,Digit Wireless,2000-01-01,2012-01-01,2005-03-14,2008-02-11,5.2,8.12,8.01,8.01,2,2,10000000,38.12,79290,79290,0
CA,37.43,-122.14,94025,Menlo Park,Silver Tail Systems,2008-01-08,2022-04-26,2008-09-26,2011-09-22,0.72,3.71,0.54,3.63,11,3,22100000,47.99,99812.73,99813,1
MA,42.49,-71.43,1720,Acton,Tatara Systems,2001-01-01,2022-04-26,2004-01-20,2010-06-22,3.05,9.48,1,1,4,5,33000000,32.33,67240,67240,1
CA,37.4,-122.05,94303,Mountain View,Reliant Technologies,2001-01-01,2022-04-26,2007-04-19,2007-04-19,6.3,6.3,6,6,9,1,15000000,45.62,94894,94894,1
CA,37.26,-121.96,95008,Campbell,Atrua Technologies,2000-01-01,2022-04-26,2006-12-07,2009-02-25,6.94,9.16,6.01,6.01,6,3,13000000,32.57,67750,67750,1
CA,37.29,-121.93,95008,Campbell,Casabi,2004-01-01,2022-04-26,2005-12-19,2007-03-12,1.97,3.19,2.25,2.25,5,2,12800000,32.57,67750,67750,1
NY,40.74,-74,10011,New York,Peek & Co,2007-11-01,2013-02-22,2008-01-01,2011-08-12,0.17,3.78,3.84,6.12,6,2,626096,33.07,68780,68780,0
MA,42.38,-71.11,2139,Cambridge,Bluefin Labs,2008-06-01,2022-04-26,2008-04-01,2012-01-24,-0.17,3.65,4.15,4.68,12,4,20350000,43.65,90794.55,90795,1
CA,37.4,-121.94,95134,San Jose,C2 Microsystems,2004-01-01,2012-11-05,2009-10-12,2009-10-12,5.78,5.78,2,2,1,1,10000000,38.38,79840,79840,0
CA,35.97,-115.12,95066,Scotts Valley,Multigig,2003-01-01,2022-04-26,2008-05-12,2010-12-22,5.36,7.98,5.25,5.25,5,3,37891054,47.64,99100,99100,1
CA,32.83,-117.26,92037,La Jolla,Ortiva Wireless,2004-01-01,2022-04-26,2005-02-01,2011-10-04,1.09,7.76,6.88,6.88,9,5,40000000,32.57,67750,67750,1
CA,34.05,-118.25,90245,El Segundo,Sometrics,2007-09-01,2022-04-26,2008-05-14,2009-10-16,0.7,2.13,2.4,4.05,10,3,5550000,40.82,84910,84910,1
CA,37.79,-122.4,94107,San Francisco,Kima Labs,2010-01-01,2022-04-26,2010-08-01,2010-08-01,0.58,0.58,0,2.13,3,1,770000,32.57,67750,67750,1
TX,32.96,-96.83,75001,Addison,Chronicity,2006-09-01,2012-04-01,2006-10-10,2011-05-26,0.11,4.73,,,0,4,19550000,46.02,95730,95730,0
CA,33.57,-117.71,92656,Aliso Viejo,Gaikai,2008-11-01,2022-04-26,2010-01-05,2011-07-20,1.18,2.72,2.52,3.67,21,3,45039999,40.82,84910,84910,1
OR,45.52,-122.67,97224,Portland,Max-Viz,2001-01-01,2022-04-26,2008-01-01,2008-01-01,7,7,7.67,7.67,3,1,3000000,37.68,78380,78380,1
CA,37.5,-122.26,94085,Sunnyvale,Cotendo,2008-01-01,2022-04-26,2008-01-01,2011-06-15,0,3.45,2.02,3.98,9,4,36000000,48.78,101468.42,101468,1
CA,37.38,-121.98,95054,Santa Clara,Provigent,2000-01-01,2022-04-26,2006-06-07,2008-12-29,6.44,9,10.01,10.01,10,3,32000000,47.64,99100,99100,1
AR,34.75,-92.29,72201,Little Rock,JavaJobs,1997-01-01,2012-11-03,2006-10-01,2006-10-01,9.75,9.75,9.75,9.75,1,1,50000,34.55,71860,71860,0
MA,42.38,-71.11,2142,Cambridge,Locu,2011-01-01,2022-04-26,2011-09-07,2012-04-23,0.68,1.31,0.33,2.59,5,2,4600000,45.25,94116.66,94117,1
MA,42.39,-71.27,2451,Waltham,dynaTrace software,2005-01-01,2022-04-26,2007-02-15,2011-01-07,2.12,6.02,2,6.51,5,3,21900000,45.78,95215.79,95216,1
NY,40.73,-73.99,10010,New York,Socialbomb,2008-06-05,2022-04-26,2008-12-01,2008-12-01,0.49,0.49,1.18,1.18,6,1,240000,38.47,80030,80030,1
CA,32.94,-117.24,92130,San Diego,Imagine Communications,2005-01-01,2022-04-26,2005-01-01,2010-04-20,0,5.3,5,5,17,4,34700000,48.78,101468.42,101468,1
IL,41.81,-88.07,60188,Lisle,Univa UD,2004-05-10,2022-04-26,2005-08-01,2010-03-23,1.23,5.87,3.65,6.7,4,4,33000000,40.75,84754.73,84755,1
NY,40.79,-73.97,10013,New York,Tutorspree,2010-09-01,2013-09-08,2011-12-20,2013-02-18,1.3,2.47,0,2.47,3,2,1800000,32.99,68621.82,68622,0
CO,40.02,-105.28,80302,Boulder,OneRiot,2006-01-01,2022-04-26,2006-01-01,2009-08-27,0,3.65,3.15,5.31,14,3,27300000,49.98,103960,103960,1
CA,37.32,-122.05,95014,Cupertino,ArcSight,2000-01-01,2022-04-26,2000-01-01,2006-06-30,0,6.5,0.34,10.01,24,3,26914000,48.78,101468.42,101468,1
CA,37.35,-121.99,95051,Santa Clara,AGEIA Technologies,2002-01-01,2022-04-26,2005-10-03,2005-10-03,3.76,3.76,,,1,1,27500000,47.64,99100,99100,1
CA,37.34,-121.89,95110,San Jose,Broadway Networks,2006-01-01,2011-01-01,2010-01-13,2010-01-13,4.04,4.04,-7.01,-7.01,3,1,954000,39.32,81790,81790,0
CA,59.34,18.06,95054,Santa Clara,Xelerated,2000-01-01,2022-04-26,2005-04-20,2008-08-14,5.3,8.62,,,4,3,53000000,47.64,99100,99100,1
NY,40.73,-73.99,10003,New York,Xtify Inc.,2009-04-01,2022-04-26,2010-05-01,2012-02-07,1.08,2.85,1.61,4.51,9,2,5686383,33.07,68780,68780,1
CA,37.66,-122.4,94080,South San Francisco,Limerick BioPharma,2004-01-01,2013-06-01,2008-06-11,2012-01-30,4.45,8.08,6.59,6.59,4,6,49008830,45.62,94894,94894,0
CA,37.78,-122.4,94107,San Francisco,iSkoot,2005-04-22,2022-04-26,2006-11-29,2008-11-07,1.61,3.55,,,10,3,32200000,32.57,67750,67750,1
NY,40.75,-73.99,10001,New York,Panvidea,2007-01-01,2022-04-26,2010-03-19,2010-03-19,3.21,3.21,3,4.62,5,1,2700000,38.47,80030,80030,1
WI,43.09,-89.52,53562,Middleton,Sway,2004-12-03,2012-12-02,2010-01-19,2010-01-19,5.13,5.13,3.16,8.51,6,1,2000000,40.7,84646.66,84647,0
NY,40.74,-73.98,10018,New York,TRAFFIQ,2006-09-06,2022-04-26,2006-09-06,2010-08-10,0,3.93,2.92,5.73,16,3,18000000,57.19,118953.34,118953,1
WA,47.8,-122.2,98021,Bothell,Dexterra,2000-01-01,2022-04-26,2005-08-17,2008-10-02,5.63,8.76,8.5,8.76,9,5,122500000,32.03,66610,66610,1
CA,37.74,-122.38,94107,San Francisco,CoTweet,2009-01-01,2022-04-26,2009-07-09,2009-07-09,0.52,0.52,0.58,4.53,9,1,1100000,49.91,103816.66,103817,1
CA,37.41,-122.02,94089,Sunnyvale,Paracor Medical,1999-01-01,2012-06-17,2007-06-29,2007-06-29,8.5,8.5,9.01,9.01,5,1,44000000,45.62,94894,94894,0
CA,37.56,-122.29,94404,San Francisco,Causata,2009-01-01,2022-04-26,2009-10-05,2011-11-01,0.76,2.83,0.76,3.84,12,2,15500000,48.78,101468.42,101468,1